mc	mn	keysig	timesig	act_dur	offset	repeats	volta	barline	numbering_offset	dont_count	next
1	0	-3	4/4	1/4	3/4	firstMeasure				1	2
2	1	-3	4/4	1	0						3
3	2	-3	4/4	1	0						4
4	3	-3	4/4	1	0						5
5	4	-3	4/4	1	0						6
6	5	-3	4/4	1	0						7
7	6	-3	4/4	1	0						8
8	7	-3	4/4	1	0						9
9	8	-3	4/4	1	0						10
10	9	-3	4/4	1	0						11
11	10	-3	4/4	1	0						12
12	11	-3	4/4	1	0						13
13	12	-3	4/4	1	0						14
14	13	-3	4/4	1	0						15
15	14	-3	4/4	1	0						16
16	15	-3	4/4	1	0						17
17	16	-3	4/4	1	0						18
18	17	-3	4/4	1	0						19
19	18	-3	4/4	1	0						20
20	19	-3	4/4	1	0						21
21	20	-3	4/4	1	0						22
22	21	-3	4/4	1	0						23
23	22	-3	4/4	1	0						24
24	23	-3	4/4	1	0						25
25	24	-3	4/4	1	0						26
26	25	-3	4/4	1	0						27
27	26	-3	4/4	1	0						28
28	27	-3	4/4	1	0						29
29	28	-3	4/4	1	0						30
30	29	-3	4/4	1	0						31
31	30	-3	4/4	1	0						32
32	31	-3	4/4	1	0						33
33	32	-3	4/4	1	0						34
34	33	-3	4/4	1	0						35
35	34	-3	4/4	1	0						36
36	35	-3	4/4	1	0						37
37	36	-3	4/4	1	0						38
38	37	-3	4/4	1	0						39
39	38	-3	4/4	1	0						40
40	39	-3	4/4	1	0						41
41	40	-3	4/4	1	0						42
42	41	-3	4/4	1	0						43
43	42	-3	4/4	1	0						44
44	43	-3	4/4	1	0						45
45	44	-3	4/4	1	0						46
46	45	-3	4/4	1	0						47
47	46	-3	4/4	1	0						48
48	47	-3	4/4	1	0						49
49	48	-3	4/4	1	0						50
50	49	-3	4/4	1	0						51
51	50	-3	4/4	1	0						52
52	51	-3	4/4	1	0						53
53	52	-3	4/4	1	0						54
54	53	-3	4/4	1	0						55
55	54	-3	4/4	1	0						56
56	55	-3	4/4	1	0						57
57	56	-3	4/4	1	0						58
58	57	-3	4/4	1	0						59
59	58	-3	4/4	1	0						60
60	59	-3	4/4	1	0						61
61	60	-3	4/4	1	0						62
62	61	-3	4/4	1	0						63
63	62	-3	4/4	1	0						64
64	63	-3	4/4	1	0						65
65	64	-3	4/4	1	0						66
66	65	-3	4/4	1	0						67
67	66	-3	4/4	1	0						68
68	67	-3	4/4	1	0						69
69	68	-3	4/4	1	0						70
70	69	-3	4/4	1	0						71
71	70	-3	4/4	1	0						72
72	71	-3	4/4	1	0						73
73	72	-3	4/4	1	0						74
74	73	-3	4/4	1	0						75
75	74	-3	4/4	1	0						76
76	75	-3	4/4	1	0						77
77	76	-3	4/4	1	0						78
78	77	-3	4/4	1	0						79
79	78	-3	4/4	1	0						80
80	79	-3	4/4	1	0						81
81	80	-3	4/4	1	0						82
82	81	-3	4/4	1	0						83
83	82	-3	4/4	1	0						84
84	83	-3	4/4	1	0						85
85	84	-3	4/4	1	0						86
86	85	-3	4/4	1	0						87
87	86	-3	4/4	1	0						88
88	87	-3	4/4	1	0						89
89	88	-3	4/4	1	0						90
90	89	-3	4/4	1	0						91
91	90	-3	4/4	1	0						92
92	91	-3	4/4	1	0						93
93	92	-3	4/4	1	0						94
94	93	-3	4/4	1	0						95
95	94	-3	4/4	1	0						96
96	95	-3	4/4	1	0						97
97	96	-3	4/4	1	0						98
98	97	-3	4/4	1	0						99
99	98	-3	4/4	1	0						100
100	99	-3	4/4	1	0						101
101	100	-3	4/4	1	0						102
102	101	-3	4/4	1	0						103
103	102	-3	4/4	1	0						104
104	103	-3	4/4	1	0						105
105	104	-3	4/4	1	0						106
106	105	-3	4/4	1	0						107
107	106	-3	4/4	1	0						108
108	107	-3	4/4	1	0						109
109	108	-3	4/4	1	0						110
110	109	-3	4/4	1	0						111
111	110	-3	4/4	1	0						112
112	111	-3	4/4	1	0						113
113	112	-3	4/4	1	0						114
114	113	-3	4/4	1	0						115
115	114	-3	4/4	1	0						116
116	115	-3	4/4	1	0						117
117	116	-3	4/4	1	0						118
118	117	-3	4/4	1	0						119
119	118	-3	4/4	1	0						120
120	119	-3	4/4	1	0						121
121	120	-3	4/4	1	0						122
122	121	-3	4/4	1	0						123
123	122	-3	4/4	1	0						124
124	123	-3	4/4	1	0						125
125	124	-3	4/4	1	0						126
126	125	-3	4/4	1	0						127
127	126	-3	4/4	1	0						128
128	127	-3	4/4	1	0						129
129	128	-3	4/4	1	0						130
130	129	-3	4/4	1	0						131
131	130	-3	4/4	1	0						132
132	131	-3	4/4	1	0						133
133	132	-3	4/4	1	0						134
134	133	-3	4/4	1	0						135
135	134	-3	4/4	1	0						136
136	135	-3	4/4	1	0						137
137	136	-3	4/4	1	0						138
138	137	-3	4/4	1	0						139
139	138	-3	4/4	1	0						140
140	139	-3	4/4	1	0						141
141	140	-3	4/4	1	0						142
142	141	-3	4/4	1	0						143
143	142	-3	4/4	1	0						144
144	143	-3	4/4	1	0						145
145	144	-3	4/4	1	0						146
146	145	-3	4/4	1	0						147
147	146	-3	4/4	1	0						148
148	147	-3	4/4	1	0						149
149	148	-3	4/4	1	0						150
150	149	-3	4/4	1	0						151
151	150	-3	4/4	1	0						152
152	151	-3	4/4	1	0						153
153	152	-3	4/4	1	0						154
154	153	-3	4/4	1	0						155
155	154	-3	4/4	1	0						156
156	155	-3	4/4	1	0						157
157	156	-3	4/4	1	0						158
158	157	-3	4/4	1	0						159
159	158	-3	4/4	1	0						160
160	159	-3	4/4	1	0						161
161	160	-3	4/4	1	0						162
162	161	-3	4/4	1	0						163
163	162	-3	4/4	1	0						164
164	163	-3	4/4	1	0						165
165	164	-3	4/4	1	0						166
166	165	-3	4/4	1	0						167
167	166	-3	4/4	1	0						168
168	167	-3	4/4	1	0						169
169	168	-3	4/4	1	0						170
170	169	-3	4/4	1	0						171
171	170	-3	4/4	1	0						172
172	171	-3	4/4	1	0						173
173	172	-3	4/4	1	0						174
174	173	-3	4/4	1	0						175
175	174	-3	4/4	1	0						176
176	175	-3	4/4	1	0						177
177	176	-3	4/4	1	0						178
178	177	-3	4/4	1	0						179
179	178	-3	4/4	1	0						180
180	179	-3	4/4	1	0						181
181	180	-3	4/4	1	0						182
182	181	-3	4/4	1	0						183
183	182	-3	4/4	1	0						184
184	183	-3	4/4	1	0						185
185	184	-3	4/4	1	0						186
186	185	-3	4/4	1	0						187
187	186	-3	4/4	1	0						188
188	187	-3	4/4	1	0						189
189	188	-3	4/4	1	0						190
190	189	-3	4/4	1	0						191
191	190	-3	4/4	1	0						192
192	191	-3	4/4	1	0						193
193	192	-3	4/4	1	0						194
194	193	-3	4/4	1	0						195
195	194	-3	4/4	1	0						196
196	195	-3	4/4	1	0						197
197	196	-3	4/4	1	0						198
198	197	-3	4/4	1	0						199
199	198	-3	4/4	1	0						200
200	199	-3	4/4	1	0						201
201	200	-3	4/4	1	0						202
202	201	-3	4/4	1	0						203
203	202	-3	4/4	1	0						204
204	203	-3	4/4	1	0						205
205	204	-3	4/4	1	0						206
206	205	-3	4/4	1	0						207
207	206	-3	4/4	1	0						208
208	207	-3	4/4	1	0						209
209	208	-3	4/4	1	0						210
210	209	-3	4/4	1	0						211
211	210	-3	4/4	1	0						212
212	211	-3	4/4	1	0						213
213	212	-3	4/4	1	0						214
214	213	-3	4/4	1	0						215
215	214	-3	4/4	1	0						216
216	215	-3	4/4	1	0						217
217	216	-3	4/4	1	0						218
218	217	-3	4/4	1	0						219
219	218	-3	4/4	1	0						220
220	219	-3	4/4	1	0						221
221	220	-3	4/4	1	0						222
222	221	-3	4/4	1	0						223
223	222	-3	4/4	1	0						224
224	223	-3	4/4	1	0						225
225	224	-3	4/4	1	0						226
226	225	-3	4/4	1	0						227
227	226	-3	4/4	1	0						228
228	227	-3	4/4	1	0						229
229	228	-3	4/4	1	0						230
230	229	-3	4/4	1	0						231
231	230	-3	4/4	1	0						232
232	231	-3	4/4	1	0						233
233	232	-3	4/4	1	0						234
234	233	-3	4/4	1	0						235
235	234	-3	4/4	1	0						236
236	235	-3	4/4	1	0						237
237	236	-3	4/4	1	0						238
238	237	-3	4/4	1	0						239
239	238	-3	4/4	1	0						240
240	239	-3	4/4	1	0						241
241	240	-3	4/4	1	0						242
242	241	-3	4/4	1	0						243
243	242	-3	4/4	1	0						244
244	243	-3	4/4	1	0						245
245	244	-3	4/4	1	0						246
246	245	-3	4/4	1	0						247
247	246	-3	4/4	1	0						248
248	247	-3	4/4	1	0						249
249	248	-3	4/4	1	0						250
250	249	-3	4/4	1	0						251
251	250	-3	4/4	1	0						252
252	251	-3	4/4	1	0						253
253	252	-3	4/4	1	0						254
254	253	-3	4/4	1	0						255
255	254	-3	4/4	1	0						256
256	255	-3	4/4	1	0						257
257	256	-3	4/4	1	0						258
258	257	-3	4/4	1	0						259
259	258	-3	4/4	1	0						260
260	259	-3	4/4	1	0						261
261	260	-3	4/4	1	0						262
262	261	-3	4/4	1	0						263
263	262	-3	4/4	1	0						264
264	263	-3	4/4	1	0						265
265	264	-3	4/4	1	0						266
266	265	-3	4/4	1	0						267
267	266	-3	4/4	1	0						268
268	267	-3	4/4	1	0						269
269	268	-3	4/4	1	0						270
270	269	-3	4/4	1	0						271
271	270	-3	4/4	1	0						272
272	271	-3	4/4	1	0						273
273	272	-3	4/4	1	0						274
274	273	-3	4/4	1	0						275
275	274	-3	4/4	1	0						276
276	275	-3	4/4	1	0						277
277	276	-3	4/4	1	0						278
278	277	-3	4/4	1	0						279
279	278	-3	4/4	1	0						280
280	279	-3	4/4	1	0						281
281	280	-3	4/4	1	0						282
282	281	-3	4/4	1	0						283
283	282	-3	4/4	1	0						284
284	283	-3	4/4	1	0						285
285	284	-3	4/4	1	0						286
286	285	-3	4/4	1	0						287
287	286	-3	4/4	1	0						288
288	287	-3	4/4	1	0						289
289	288	-3	4/4	1	0						290
290	289	-3	4/4	1	0						291
291	290	-3	4/4	1	0						292
292	291	-3	4/4	1	0						293
293	292	-3	4/4	1	0						294
294	293	-3	4/4	1	0						295
295	294	-3	4/4	1	0						296
296	295	-3	4/4	1	0						297
297	296	-3	4/4	1	0						298
298	297	-3	4/4	1	0						299
299	298	-3	4/4	1	0						300
300	299	-3	4/4	1	0						301
301	300	-3	4/4	1	0						302
302	301	-3	4/4	1	0						303
303	302	-3	4/4	1	0						304
304	303	-3	4/4	1	0						305
305	304	-3	4/4	1	0						306
306	305	-3	4/4	1	0						307
307	306	-3	4/4	1	0						308
308	307	-3	4/4	1	0						309
309	308	-3	4/4	1	0						310
310	309	-3	4/4	1	0						311
311	310	-3	4/4	1	0						312
312	311	-3	4/4	1	0						313
313	312	-3	4/4	1	0						314
314	313	-3	4/4	1	0						315
315	314	-3	4/4	1	0						316
316	315	-3	4/4	1	0						317
317	316	-3	4/4	1	0						318
318	317	-3	4/4	1	0						319
319	318	-3	4/4	1	0						320
320	319	-3	4/4	1	0						321
321	320	-3	4/4	1	0						322
322	321	-3	4/4	1	0						323
323	322	-3	4/4	1	0						324
324	323	-3	4/4	1	0	lastMeasure		end			-1
