mc	mn	mc_onset	mn_onset	timesig	staff	voice	duration	gracenote	nominal_duration	scalar	tied	tpc	midi	chord_id
1	0	0	3/8	2/4	2	1	1/8		1/8	1		0	60	1
1	0	0	3/8	2/4	1	1	1/8		1/8	1		2	62	0
2	1	0	0	2/4	4	1	1/4		1/4	1		1	43	14
2	1	0	0	2/4	2	1	1/8		1/8	1		-2	58	6
2	1	0	0	2/4	3	1	1/8		1/8	1		2	62	10
2	1	0	0	2/4	1	1	1/8		1/8	1		1	67	2
2	1	1/8	1/8	2/4	3	1	1/8		1/8	1		2	62	11
2	1	1/8	1/8	2/4	2	1	1/8		1/8	1		6	66	7
2	1	1/8	1/8	2/4	1	1	1/8		1/8	1		3	69	3
2	1	1/4	1/4	2/4	3	1	1/8		1/8	1		2	62	12
2	1	1/4	1/4	2/4	2	1	1/8		1/8	1		1	67	8
2	1	1/4	1/4	2/4	1	1	1/8		1/8	1		-2	70	4
2	1	3/8	3/8	2/4	3	1	1/8		1/8	1		2	62	13
2	1	3/8	3/8	2/4	2	1	1/8		1/8	1		3	69	9
2	1	3/8	3/8	2/4	1	1	1/8		1/8	1		0	72	5
3	2	0	0	2/4	3	1	1/8		1/8	1		2	62	23
3	2	0	0	2/4	2	1	3/16		1/8	3/2		-2	70	19
3	2	0	0	2/4	1	1	3/16		1/8	3/2		2	74	15
3	2	1/8	1/8	2/4	3	1	1/8		1/8	1		2	62	24
3	2	3/16	3/16	2/4	2	1	1/16		1/16	1		0	72	20
3	2	3/16	3/16	2/4	1	1	1/16		1/16	1		-3	75	16
3	2	1/4	1/4	2/4	3	1	1/8		1/8	1		2	62	25
3	2	1/4	1/4	2/4	2	1	1/8		1/8	1		-2	70	21
3	2	1/4	1/4	2/4	1	1	1/8		1/8	1		2	74	17
3	2	3/8	3/8	2/4	4	1	1/8		1/8	1		-2	46	27
3	2	3/8	3/8	2/4	3	1	1/8		1/8	1		2	62	26
3	2	3/8	3/8	2/4	2	1	1/8		1/8	1		1	67	22
3	2	3/8	3/8	2/4	1	1	1/8		1/8	1		-2	70	18
4	3	0	0	2/4	4	1	1/8		1/8	1		0	48	40
4	3	0	0	2/4	3	1	1/8		1/8	1		-3	63	36
4	3	0	0	2/4	2	1	1/8		1/8	1		1	67	32
4	3	0	0	2/4	1	1	1/8		1/8	1		3	69	28
4	3	1/8	1/8	2/4	4	1	1/8		1/8	1		-2	46	41
4	3	1/8	1/8	2/4	3	1	1/8		1/8	1		2	62	37
4	3	1/8	1/8	2/4	2	1	1/8		1/8	1		1	67	33
4	3	1/8	1/8	2/4	1	1	1/8		1/8	1		-2	70	29
4	3	1/4	1/4	2/4	4	1	1/8		1/8	1		0	48	42
4	3	1/4	1/4	2/4	3	1	1/8		1/8	1		-3	63	38
4	3	1/4	1/4	2/4	2	1	1/8		1/8	1		1	67	34
4	3	1/4	1/4	2/4	1	1	1/8		1/8	1		3	69	30
4	3	3/8	3/8	2/4	4	1	1/8		1/8	1		2	50	43
4	3	3/8	3/8	2/4	3	1	1/8		1/8	1		2	62	39
4	3	3/8	3/8	2/4	2	1	1/8		1/8	1		6	66	35
4	3	3/8	3/8	2/4	1	1	1/8		1/8	1		2	74	31
5	4	0	0	2/4	4	1	1/4		1/4	1		1	55	58
5	4	0	0	2/4	3	1	1/8		1/8	1		2	62	55
5	4	0	0	2/4	2	1	1/8		1/8	1		1	67	49
5	4	0	0	2/4	1	1	1/8		1/8	1		-2	70	44
5	4	1/8	1/8	2/4	3	1	1/8		1/8	1		-3	63	56
5	4	1/8	1/8	2/4	2	1	1/16		1/16	1		3	69	50
5	4	1/8	1/8	2/4	1	1	1/16		1/16	1		0	72	45
5	4	3/16	3/16	2/4	2	1	1/16		1/16	1		6	66	51
5	4	3/16	3/16	2/4	1	1	1/16		1/16	1		3	69	46
5	4	1/4	1/4	2/4	3	1	1/8		1/8	1		2	62	57
5	4	1/4	1/4	2/4	2	1	1/8		1/8	1		1	67	52
5	4	1/4	1/4	2/4	1	1	1/8		1/8	1		-2	70	47
5	4	3/8	3/8	2/4	2	1	1/16		1/16	1		0	60	53
5	4	3/8	3/8	2/4	1	1	1/8		1/8	1		2	62	48
5	4	7/16	7/16	2/4	2	1	1/16		1/16	1		2	62	54
6	5	0	0	2/4	4	1	1/4		1/4	1		1	43	71
6	5	0	0	2/4	2	1	1/8		1/8	1		-2	58	63
6	5	0	0	2/4	3	1	1/8		1/8	1		2	62	67
6	5	0	0	2/4	1	1	1/8		1/8	1		1	67	59
6	5	1/8	1/8	2/4	3	1	1/8		1/8	1		2	62	68
6	5	1/8	1/8	2/4	2	1	1/8		1/8	1		6	66	64
6	5	1/8	1/8	2/4	1	1	1/8		1/8	1		3	69	60
6	5	1/4	1/4	2/4	3	1	1/8		1/8	1		2	62	69
6	5	1/4	1/4	2/4	2	1	1/8		1/8	1		1	67	65
6	5	1/4	1/4	2/4	1	1	1/8		1/8	1		-2	70	61
6	5	3/8	3/8	2/4	3	1	1/8		1/8	1		2	62	70
6	5	3/8	3/8	2/4	2	1	1/8		1/8	1		3	69	66
6	5	3/8	3/8	2/4	1	1	1/8		1/8	1		0	72	62
7	6	0	0	2/4	3	1	1/8		1/8	1		2	62	80
7	6	0	0	2/4	2	1	3/16		1/8	3/2		-2	70	76
7	6	0	0	2/4	1	1	3/16		1/8	3/2		2	74	72
7	6	1/8	1/8	2/4	3	1	1/8		1/8	1		2	62	81
7	6	3/16	3/16	2/4	2	1	1/16		1/16	1		0	72	77
7	6	3/16	3/16	2/4	1	1	1/16		1/16	1		-3	75	73
7	6	1/4	1/4	2/4	3	1	1/8		1/8	1		2	62	82
7	6	1/4	1/4	2/4	2	1	1/8		1/8	1		-2	70	78
7	6	1/4	1/4	2/4	1	1	1/8		1/8	1		2	74	74
7	6	3/8	3/8	2/4	4	1	1/8		1/8	1		1	43	83
7	6	3/8	3/8	2/4	2	1	1/8		1/8	1		1	79	79
7	6	3/8	3/8	2/4	1	1	1/8		1/8	1		-2	82	75
8	7	0	0	2/4	4	1	1/4		1/4	1		2	38	95
8	7	0	0	2/4	3	1	1/2		1/2	1	1	3	69	94
8	7	0	0	2/4	2	1	1/8		1/8	1		-1	77	89
8	7	0	0	2/4	1	1	1/8		1/8	1		3	81	84
8	7	1/8	1/8	2/4	2	1	1/16		1/16	1		4	76	90
8	7	1/8	1/8	2/4	1	1	1/16		1/16	1		1	79	85
8	7	3/16	3/16	2/4	2	1	1/16		1/16	1		2	74	91
8	7	3/16	3/16	2/4	1	1	1/16		1/16	1		-1	77	86
8	7	1/4	1/4	2/4	2	1	1/8		1/8	1		4	76	92
8	7	1/4	1/4	2/4	1	1	1/8		1/8	1		1	79	87
8	7	3/8	3/8	2/4	2	1	1/8		1/8	1		7	73	93
8	7	3/8	3/8	2/4	1	1	1/8		1/8	1		4	76	88
9	8	0	0	2/4	4	1	1/4		1/4	1		2	38	108
9	8	0	0	2/4	2	1	1/8		1/8	1		3	69	101
9	8	0	0	2/4	3	1	3/8		1/4	3/2	-1	3	69	106
9	8	0	0	2/4	1	1	1/8		1/8	1		-1	77	96
9	8	1/8	1/8	2/4	2	1	1/16		1/16	1		1	67	102
9	8	1/8	1/8	2/4	1	1	1/16		1/16	1		4	76	97
9	8	3/16	3/16	2/4	2	1	1/16		1/16	1		-1	65	103
9	8	3/16	3/16	2/4	1	1	1/16		1/16	1		2	74	98
9	8	1/4	1/4	2/4	2	1	1/8		1/8	1		1	67	104
9	8	1/4	1/4	2/4	1	1	1/8		1/8	1		4	76	99
9	8	3/8	3/8	2/4	2	1	1/8		1/8	1		4	64	105
9	8	3/8	3/8	2/4	3	1	1/8		1/8	1		-2	70	107
9	8	3/8	3/8	2/4	1	1	1/8		1/8	1		7	73	100
10	9	0	0	2/4	4	1	1/4		1/4	1		2	38	123
10	9	0	0	2/4	2	1	1/8		1/8	1		-1	65	113
10	9	0	0	2/4	3	1	1/8		1/8	1		3	69	118
10	9	0	0	2/4	1	1	1/8		1/8	1		2	74	109
10	9	1/8	1/8	2/4	2	1	1/16		1/16	1		4	64	114
10	9	1/8	1/8	2/4	3	1	1/16		1/16	1		1	67	119
10	9	1/8	1/8	2/4	1	1	1/8		1/8	1		3	69	110
10	9	3/16	3/16	2/4	2	1	1/16		1/16	1		2	62	115
10	9	3/16	3/16	2/4	3	1	1/16		1/16	1		-1	65	120
10	9	1/4	1/4	2/4	2	1	1/8		1/8	1		4	64	116
10	9	1/4	1/4	2/4	3	1	1/8		1/8	1		1	67	121
10	9	1/4	1/4	2/4	1	1	1/8		1/8	1		3	69	111
10	9	3/8	3/8	2/4	4	1	1/8		1/8	1		3	57	124
10	9	3/8	3/8	2/4	2	1	1/8		1/8	1		7	61	117
10	9	3/8	3/8	2/4	3	1	1/8		1/8	1		4	64	122
10	9	3/8	3/8	2/4	1	1	1/8		1/8	1		3	69	112
11	10	0	0	2/4	4	1	1/8		1/8	1		2	62	129
11	10	0	0	2/4	2	1	1/2		1/2	1	1	2	62	127
11	10	0	0	2/4	3	1	1/2		1/2	1	1	-1	65	128
11	10	0	0	2/4	1	1	3/8		1/4	3/2		3	69	125
11	10	1/8	1/8	2/4	4	1	1/16		1/16	1		0	60	130
11	10	3/16	3/16	2/4	4	1	1/16		1/16	1		-2	58	131
11	10	1/4	1/4	2/4	4	1	1/8		1/8	1		0	60	132
11	10	3/8	3/8	2/4	4	1	1/8		1/8	1		3	57	133
11	10	3/8	3/8	2/4	1	1	1/8		1/8	1		3	69	126
12	11	0	0	2/4	4	1	1/8		1/8	1		-2	58	145
12	11	0	0	2/4	2	1	1/2		1/2	1	0	2	62	139
12	11	0	0	2/4	3	1	1/8		1/8	1	-1	-1	65	140
12	11	0	0	2/4	1	1	1/8		1/8	1		2	74	134
12	11	1/8	1/8	2/4	4	1	1/16		1/16	1		3	57	146
12	11	1/8	1/8	2/4	3	1	1/16		1/16	1		6	66	141
12	11	1/8	1/8	2/4	1	1	1/16		1/16	1		0	72	135
12	11	3/16	3/16	2/4	4	1	1/16		1/16	1		1	55	147
12	11	3/16	3/16	2/4	3	1	1/16		1/16	1		1	67	142
12	11	3/16	3/16	2/4	1	1	1/16		1/16	1		-2	70	136
12	11	1/4	1/4	2/4	4	1	1/8		1/8	1		3	57	148
12	11	1/4	1/4	2/4	3	1	1/8		1/8	1		6	66	143
12	11	1/4	1/4	2/4	1	1	1/8		1/8	1		0	72	137
12	11	3/8	3/8	2/4	4	1	1/8		1/8	1		6	54	149
12	11	3/8	3/8	2/4	3	1	1/8		1/8	1		0	60	144
12	11	3/8	3/8	2/4	1	1	1/8		1/8	1		3	69	138
13	12	0	0	2/4	4	1	1/8		1/8	1		1	55	165
13	12	0	0	2/4	3	1	1/8		1/8	1		-2	58	159
13	12	0	0	2/4	2	1	1/8		1/8	1	-1	2	62	155
13	12	0	0	2/4	1	1	1/8		1/8	1		-2	70	150
13	12	1/8	1/8	2/4	4	1	1/8		1/8	1		4	52	166
13	12	1/8	1/8	2/4	3	1	1/16		1/16	1		3	69	160
13	12	1/8	1/8	2/4	2	1	1/8		1/8	1		-2	70	156
13	12	1/8	1/8	2/4	1	1	1/16		1/16	1		-1	77	151
13	12	3/16	3/16	2/4	3	1	1/16		1/16	1		1	67	161
13	12	3/16	3/16	2/4	1	1	1/16		1/16	1		4	76	152
13	12	1/4	1/4	2/4	4	1	1/8		1/8	1		3	57	167
13	12	1/4	1/4	2/4	3	1	1/8		1/8	1		-1	65	162
13	12	1/4	1/4	2/4	2	1	1/8		1/8	1		3	69	157
13	12	1/4	1/4	2/4	1	1	1/8		1/8	1		2	74	153
13	12	3/8	3/8	2/4	4	1	1/8		1/8	1		3	57	168
13	12	3/8	3/8	2/4	3	1	1/16		1/16	1		1	67	163
13	12	3/8	3/8	2/4	2	1	1/8		1/8	1		3	69	158
13	12	3/8	3/8	2/4	1	1	1/8		1/8	1		7	73	154
13	12	7/16	7/16	2/4	3	1	1/16		1/16	1		4	64	164
14	13	0	0	2/4	4	1	1/8		1/8	1		2	50	182
14	13	0	0	2/4	3	1	1/8		1/8	1		6	66	178
14	13	0	0	2/4	2	1	1/8		1/8	1		3	69	174
14	13	0	0	2/4	1	1	1/8		1/8	1		2	74	169
14	13	1/8	1/8	2/4	4	1	1/8		1/8	1		1	43	183
14	13	1/8	1/8	2/4	3	1	1/8		1/8	1		1	67	179
14	13	1/8	1/8	2/4	2	1	1/8		1/8	1		-2	70	175
14	13	1/8	1/8	2/4	1	1	1/8		1/8	1		2	74	170
14	13	1/4	1/4	2/4	4	1	1/8		1/8	1		2	38	184
14	13	1/4	1/4	2/4	3	1	1/8		1/8	1		6	66	180
14	13	1/4	1/4	2/4	2	1	1/8		1/8	1		3	69	176
14	13	1/4	1/4	2/4	1	1	1/8		1/8	1		2	74	171
14	13	3/8	3/8	2/4	4	1	1/8		1/8	1		1	43	185
14	13	3/8	3/8	2/4	3	1	1/8		1/8	1		1	67	181
14	13	3/8	3/8	2/4	2	1	1/8		1/8	1		-2	70	177
14	13	3/8	3/8	2/4	1	1	1/16		1/16	1		-3	75	172
14	13	7/16	7/16	2/4	1	1	1/16		1/16	1		7	73	173
15	14	0	0	2/4	4	1	1/4		1/4	1		2	38	189
15	14	0	0	2/4	3	1	1/4		1/4	1		6	66	188
15	14	0	0	2/4	2	1	1/4		1/4	1		3	69	187
15	14	0	0	2/4	1	1	1/4		1/4	1		2	74	186
16	14	0	3/8	2/4	4	1	1/8		1/8	1		2	50	193
16	14	0	3/8	2/4	3	1	1/8		1/8	1		2	62	192
16	14	0	3/8	2/4	1	1	1/8		1/8	1		2	74	190
16	14	0	3/8	2/4	2	1	1/8		1/8	1		2	74	191
17	15	0	0	2/4	1	1	0	grace32	1/32	1		2	74	194
17	15	0	0	2/4	2	1	0	grace32	1/32	1		2	74	200
17	15	0	0	2/4	3	1	0	grace32	1/32	1		2	62	206
17	15	0	0	2/4	4	1	0	grace32	1/32	1		2	50	212
17	15	0	0	2/4	4	1	1/8		1/8	1		-1	53	213
17	15	0	0	2/4	3	1	1/8		1/8	1		-1	65	207
17	15	0	0	2/4	1	1	1/8		1/8	1		-1	77	195
17	15	0	0	2/4	2	1	1/8		1/8	1		-1	77	201
17	15	1/8	1/8	2/4	4	1	1/16		1/16	1		-3	51	214
17	15	1/8	1/8	2/4	3	1	1/16		1/16	1		-3	63	208
17	15	1/8	1/8	2/4	1	1	1/16		1/16	1		-3	75	196
17	15	1/8	1/8	2/4	2	1	1/16		1/16	1		-3	75	202
17	15	3/16	3/16	2/4	4	1	1/16		1/16	1		2	50	215
17	15	3/16	3/16	2/4	3	1	1/16		1/16	1		2	62	209
17	15	3/16	3/16	2/4	1	1	1/16		1/16	1		2	74	197
17	15	3/16	3/16	2/4	2	1	1/16		1/16	1		2	74	203
17	15	1/4	1/4	2/4	4	1	1/8		1/8	1		-3	51	216
17	15	1/4	1/4	2/4	3	1	1/8		1/8	1		-3	63	210
17	15	1/4	1/4	2/4	1	1	1/8		1/8	1		-3	75	198
17	15	1/4	1/4	2/4	2	1	1/8		1/8	1		-3	75	204
17	15	3/8	3/8	2/4	4	1	1/8		1/8	1		0	48	217
17	15	3/8	3/8	2/4	3	1	1/8		1/8	1		0	60	211
17	15	3/8	3/8	2/4	1	1	1/8		1/8	1		0	72	199
17	15	3/8	3/8	2/4	2	1	1/8		1/8	1		0	72	205
18	16	0	0	2/4	4	1	1/8		1/8	1		2	50	233
18	16	0	0	2/4	3	1	1/8		1/8	1		2	62	228
18	16	0	0	2/4	1	1	1/8		1/8	1		2	74	218
18	16	0	0	2/4	2	1	1/8		1/8	1		2	74	223
18	16	1/8	1/8	2/4	4	1	1/8		1/8	1		-2	46	234
18	16	1/8	1/8	2/4	3	1	1/8		1/8	1		-2	58	229
18	16	1/8	1/8	2/4	1	1	1/8		1/8	1		-2	70	219
18	16	1/8	1/8	2/4	2	1	1/8		1/8	1		-2	70	224
18	16	1/4	1/4	2/4	4	1	1/8		1/8	1		1	43	235
18	16	1/4	1/4	2/4	3	1	1/8		1/8	1		1	55	230
18	16	1/4	1/4	2/4	1	1	1/8		1/8	1		1	67	220
18	16	1/4	1/4	2/4	2	1	1/8		1/8	1		1	67	225
18	16	3/8	3/8	2/4	4	1	1/16		1/16	1		1	43	236
18	16	3/8	3/8	2/4	3	1	1/16		1/16	1		1	55	231
18	16	3/8	3/8	2/4	1	1	1/16		1/16	1		1	67	221
18	16	3/8	3/8	2/4	2	1	1/16		1/16	1		1	67	226
18	16	7/16	7/16	2/4	4	1	1/16		1/16	1		3	45	237
18	16	7/16	7/16	2/4	3	1	1/16		1/16	1		3	57	232
18	16	7/16	7/16	2/4	1	1	1/16		1/16	1		3	69	222
18	16	7/16	7/16	2/4	2	1	1/16		1/16	1		3	69	227
19	17	0	0	2/4	4	1	1/8		1/8	1		-2	46	253
19	17	0	0	2/4	3	1	1/8		1/8	1		-2	58	248
19	17	0	0	2/4	1	1	1/8		1/8	1		-2	70	238
19	17	0	0	2/4	2	1	1/8		1/8	1		-2	70	243
19	17	1/8	1/8	2/4	4	1	1/16		1/16	1		3	45	254
19	17	1/8	1/8	2/4	3	1	1/16		1/16	1		3	57	249
19	17	1/8	1/8	2/4	1	1	1/16		1/16	1		3	69	239
19	17	1/8	1/8	2/4	2	1	1/16		1/16	1		3	69	244
19	17	3/16	3/16	2/4	4	1	1/16		1/16	1		1	43	255
19	17	3/16	3/16	2/4	3	1	1/16		1/16	1		1	55	250
19	17	3/16	3/16	2/4	1	1	1/16		1/16	1		1	67	240
19	17	3/16	3/16	2/4	2	1	1/16		1/16	1		1	67	245
19	17	1/4	1/4	2/4	4	1	1/8		1/8	1		3	45	256
19	17	1/4	1/4	2/4	3	1	1/8		1/8	1		3	57	251
19	17	1/4	1/4	2/4	1	1	1/8		1/8	1		3	69	241
19	17	1/4	1/4	2/4	2	1	1/8		1/8	1		3	69	246
19	17	3/8	3/8	2/4	4	1	1/8		1/8	1		6	42	257
19	17	3/8	3/8	2/4	3	1	1/8		1/8	1		6	54	252
19	17	3/8	3/8	2/4	1	1	1/8		1/8	1		6	66	242
19	17	3/8	3/8	2/4	2	1	1/8		1/8	1		6	66	247
20	18	0	0	2/4	4	1	1/8		1/8	1		1	43	273
20	18	0	0	2/4	3	1	1/8		1/8	1		1	55	268
20	18	0	0	2/4	1	1	1/8		1/8	1		1	67	258
20	18	0	0	2/4	2	1	1/8		1/8	1		1	67	263
20	18	1/8	1/8	2/4	4	1	1/8		1/8	1		-3	39	274
20	18	1/8	1/8	2/4	3	1	1/8		1/8	1		-3	51	269
20	18	1/8	1/8	2/4	1	1	1/8		1/8	1		-3	63	259
20	18	1/8	1/8	2/4	2	1	1/8		1/8	1		-3	63	264
20	18	1/4	1/4	2/4	4	1	1/8		1/8	1		0	36	275
20	18	1/4	1/4	2/4	3	1	1/8		1/8	1		0	48	270
20	18	1/4	1/4	2/4	1	1	1/8		1/8	1		0	60	260
20	18	1/4	1/4	2/4	2	1	1/8		1/8	1		0	60	265
20	18	3/8	3/8	2/4	4	1	1/16		1/16	1		-3	39	276
20	18	3/8	3/8	2/4	3	1	1/16		1/16	1		-3	51	271
20	18	3/8	3/8	2/4	1	1	1/16		1/16	1		-3	63	261
20	18	3/8	3/8	2/4	2	1	1/16		1/16	1		-3	63	266
20	18	7/16	7/16	2/4	4	1	1/16		1/16	1		-3	39	277
20	18	7/16	7/16	2/4	3	1	1/16		1/16	1		-3	51	272
20	18	7/16	7/16	2/4	1	1	1/16		1/16	1		-3	63	262
20	18	7/16	7/16	2/4	2	1	1/16		1/16	1		-3	63	267
21	19	0	0	2/4	4	1	1/8		1/8	1		2	38	296
21	19	0	0	2/4	3	1	1/8		1/8	1		2	50	290
21	19	0	0	2/4	1	1	1/8		1/8	1		2	62	278
21	19	0	0	2/4	2	1	1/8		1/8	1		2	62	284
21	19	1/8	1/8	2/4	4	1	1/16		1/16	1		2	38	297
21	19	1/8	1/8	2/4	3	1	1/16		1/16	1		2	50	291
21	19	1/8	1/8	2/4	1	1	1/16		1/16	1		2	62	279
21	19	1/8	1/8	2/4	2	1	1/16		1/16	1		2	62	285
21	19	3/16	3/16	2/4	4	1	1/16		1/16	1		2	38	298
21	19	3/16	3/16	2/4	3	1	1/16		1/16	1		2	50	292
21	19	3/16	3/16	2/4	1	1	1/16		1/16	1		2	62	280
21	19	3/16	3/16	2/4	2	1	1/16		1/16	1		2	62	286
21	19	1/4	1/4	2/4	4	1	1/8		1/8	1		6	42	299
21	19	1/4	1/4	2/4	3	1	1/8		1/8	1		6	54	293
21	19	1/4	1/4	2/4	1	1	1/8		1/8	1		6	66	281
21	19	1/4	1/4	2/4	2	1	1/8		1/8	1		6	66	287
21	19	3/8	3/8	2/4	4	1	1/16		1/16	1		2	38	300
21	19	3/8	3/8	2/4	3	1	1/16		1/16	1		2	50	294
21	19	3/8	3/8	2/4	1	1	1/16		1/16	1		2	62	282
21	19	3/8	3/8	2/4	2	1	1/16		1/16	1		2	62	288
21	19	7/16	7/16	2/4	4	1	1/16		1/16	1		2	38	301
21	19	7/16	7/16	2/4	3	1	1/16		1/16	1		2	50	295
21	19	7/16	7/16	2/4	1	1	1/16		1/16	1		2	62	283
21	19	7/16	7/16	2/4	2	1	1/16		1/16	1		2	62	289
22	20	0	0	2/4	4	1	1/8		1/8	1		1	43	320
22	20	0	0	2/4	3	1	1/8		1/8	1		1	55	314
22	20	0	0	2/4	1	1	1/8		1/8	1		1	67	302
22	20	0	0	2/4	2	1	1/8		1/8	1		1	67	308
22	20	1/8	1/8	2/4	4	1	1/16		1/16	1		2	38	321
22	20	1/8	1/8	2/4	3	1	1/16		1/16	1		2	50	315
22	20	1/8	1/8	2/4	1	1	1/16		1/16	1		2	62	303
22	20	1/8	1/8	2/4	2	1	1/16		1/16	1		2	62	309
22	20	3/16	3/16	2/4	4	1	1/16		1/16	1		2	38	322
22	20	3/16	3/16	2/4	3	1	1/16		1/16	1		2	50	316
22	20	3/16	3/16	2/4	1	1	1/16		1/16	1		2	62	304
22	20	3/16	3/16	2/4	2	1	1/16		1/16	1		2	62	310
22	20	1/4	1/4	2/4	4	1	1/8		1/8	1		8	44	323
22	20	1/4	1/4	2/4	3	1	1/8		1/8	1		8	56	317
22	20	1/4	1/4	2/4	1	1	1/8		1/8	1		8	68	305
22	20	1/4	1/4	2/4	2	1	1/8		1/8	1		8	68	311
22	20	3/8	3/8	2/4	4	1	1/16		1/16	1		2	38	324
22	20	3/8	3/8	2/4	3	1	1/16		1/16	1		2	50	318
22	20	3/8	3/8	2/4	1	1	1/16		1/16	1		2	62	306
22	20	3/8	3/8	2/4	2	1	1/16		1/16	1		2	62	312
22	20	7/16	7/16	2/4	4	1	1/16		1/16	1		2	38	325
22	20	7/16	7/16	2/4	3	1	1/16		1/16	1		2	50	319
22	20	7/16	7/16	2/4	1	1	1/16		1/16	1		2	62	307
22	20	7/16	7/16	2/4	2	1	1/16		1/16	1		2	62	313
23	21	0	0	2/4	4	1	1/8		1/8	1		3	45	344
23	21	0	0	2/4	3	1	1/8		1/8	1		3	57	338
23	21	0	0	2/4	1	1	1/8		1/8	1		3	69	326
23	21	0	0	2/4	2	1	1/8		1/8	1		3	69	332
23	21	1/8	1/8	2/4	4	1	1/16		1/16	1		2	38	345
23	21	1/8	1/8	2/4	3	1	1/16		1/16	1		2	50	339
23	21	1/8	1/8	2/4	1	1	1/16		1/16	1		2	62	327
23	21	1/8	1/8	2/4	2	1	1/16		1/16	1		2	62	333
23	21	3/16	3/16	2/4	4	1	1/16		1/16	1		2	38	346
23	21	3/16	3/16	2/4	3	1	1/16		1/16	1		2	50	340
23	21	3/16	3/16	2/4	1	1	1/16		1/16	1		2	62	328
23	21	3/16	3/16	2/4	2	1	1/16		1/16	1		2	62	334
23	21	1/4	1/4	2/4	4	1	1/8		1/8	1		-2	46	347
23	21	1/4	1/4	2/4	3	1	1/8		1/8	1		-2	58	341
23	21	1/4	1/4	2/4	1	1	1/8		1/8	1		-2	70	329
23	21	1/4	1/4	2/4	2	1	1/8		1/8	1		-2	70	335
23	21	3/8	3/8	2/4	4	1	1/16		1/16	1		2	38	348
23	21	3/8	3/8	2/4	3	1	1/16		1/16	1		2	50	342
23	21	3/8	3/8	2/4	1	1	1/16		1/16	1		2	62	330
23	21	3/8	3/8	2/4	2	1	1/16		1/16	1		2	62	336
23	21	7/16	7/16	2/4	4	1	1/16		1/16	1		2	38	349
23	21	7/16	7/16	2/4	3	1	1/16		1/16	1		2	50	343
23	21	7/16	7/16	2/4	1	1	1/16		1/16	1		2	62	331
23	21	7/16	7/16	2/4	2	1	1/16		1/16	1		2	62	337
24	22	0	0	2/4	4	1	1/16		1/16	1		0	48	366
24	22	0	0	2/4	3	1	1/16		1/16	1		0	60	360
24	22	0	0	2/4	2	1	1/16		1/16	1		0	72	352
24	22	0	0	2/4	1	1	1/4		1/4	1		0	72	350
24	22	1/16	1/16	2/4	4	1	1/16		1/16	1		3	45	367
24	22	1/16	1/16	2/4	3	1	1/16		1/16	1		3	57	361
24	22	1/16	1/16	2/4	2	1	1/16		1/16	1		3	69	353
24	22	1/8	1/8	2/4	4	1	1/16		1/16	1		0	48	368
24	22	1/8	1/8	2/4	3	1	1/16		1/16	1		0	60	362
24	22	1/8	1/8	2/4	2	1	1/16		1/16	1		0	72	354
24	22	3/16	3/16	2/4	4	1	1/16		1/16	1		-3	51	369
24	22	3/16	3/16	2/4	3	1	1/16		1/16	1		-3	63	363
24	22	3/16	3/16	2/4	2	1	1/16		1/16	1		-3	75	355
24	22	1/4	1/4	2/4	4	1	1/16		1/16	1		2	50	370
24	22	1/4	1/4	2/4	3	1	1/8		1/8	1		2	62	364
24	22	1/4	1/4	2/4	2	1	1/16		1/16	1		2	74	356
24	22	5/16	5/16	2/4	4	1	1/16		1/16	1		0	48	371
24	22	5/16	5/16	2/4	2	1	1/16		1/16	1		0	72	357
24	22	3/8	3/8	2/4	4	1	1/16		1/16	1		-2	46	372
24	22	3/8	3/8	2/4	3	1	1/8		1/8	1		0	60	365
24	22	3/8	3/8	2/4	1	1	1/8		1/8	1		2	62	351
24	22	3/8	3/8	2/4	2	1	1/16		1/16	1		-2	70	358
24	22	7/16	7/16	2/4	4	1	1/16		1/16	1		3	45	373
24	22	7/16	7/16	2/4	2	1	1/16		1/16	1		3	69	359
25	23	0	0	2/4	4	1	1/4		1/4	1		1	43	386
25	23	0	0	2/4	3	1	1/8		1/8	1		-2	58	382
25	23	0	0	2/4	1	1	1/8		1/8	1		1	67	374
25	23	0	0	2/4	2	1	1/8		1/8	1		1	67	378
25	23	1/8	1/8	2/4	3	1	1/8		1/8	1		2	62	383
25	23	1/8	1/8	2/4	2	1	1/8		1/8	1		6	66	379
25	23	1/8	1/8	2/4	1	1	1/8		1/8	1		3	69	375
25	23	1/4	1/4	2/4	3	1	1/8		1/8	1		2	62	384
25	23	1/4	1/4	2/4	2	1	1/8		1/8	1		1	67	380
25	23	1/4	1/4	2/4	1	1	1/8		1/8	1		-2	70	376
25	23	3/8	3/8	2/4	3	1	1/8		1/8	1		2	62	385
25	23	3/8	3/8	2/4	2	1	1/8		1/8	1		3	69	381
25	23	3/8	3/8	2/4	1	1	1/8		1/8	1		0	72	377
26	24	0	0	2/4	3	1	1/8		1/8	1		2	62	395
26	24	0	0	2/4	2	1	3/16		1/8	3/2		-2	70	391
26	24	0	0	2/4	1	1	3/16		1/8	3/2		2	74	387
26	24	1/8	1/8	2/4	3	1	1/8		1/8	1		2	62	396
26	24	3/16	3/16	2/4	2	1	1/16		1/16	1		0	72	392
26	24	3/16	3/16	2/4	1	1	1/16		1/16	1		-3	75	388
26	24	1/4	1/4	2/4	4	1	1/8		1/8	1		1	43	399
26	24	1/4	1/4	2/4	3	1	1/8		1/8	1		2	62	397
26	24	1/4	1/4	2/4	2	1	1/8		1/8	1		-2	70	393
26	24	1/4	1/4	2/4	1	1	1/8		1/8	1		2	74	389
26	24	3/8	3/8	2/4	3	1	1/8		1/8	1		-1	65	398
26	24	3/8	3/8	2/4	1	1	1/8		1/8	1		1	67	390
26	24	3/8	3/8	2/4	2	1	1/8		1/8	1		1	67	394
27	25	0	0	2/4	4	1	1/4		1/4	1		0	36	412
27	25	0	0	2/4	3	1	1/8		1/8	1		-3	63	408
27	25	0	0	2/4	2	1	1/8		1/8	1		1	67	404
27	25	0	0	2/4	1	1	1/8		1/8	1		0	72	400
27	25	1/8	1/8	2/4	3	1	1/8		1/8	1		1	55	409
27	25	1/8	1/8	2/4	3	1	1/8		1/8	1		1	67	409
27	25	1/8	1/8	2/4	2	1	1/8		1/8	1		5	71	405
27	25	1/8	1/8	2/4	1	1	1/8		1/8	1		2	74	401
27	25	1/4	1/4	2/4	3	1	1/8		1/8	1		1	55	410
27	25	1/4	1/4	2/4	3	1	1/8		1/8	1		1	67	410
27	25	1/4	1/4	2/4	2	1	1/8		1/8	1		0	72	406
27	25	1/4	1/4	2/4	1	1	1/8		1/8	1		-3	75	402
27	25	3/8	3/8	2/4	3	1	1/8		1/8	1		1	55	411
27	25	3/8	3/8	2/4	3	1	1/8		1/8	1		1	67	411
27	25	3/8	3/8	2/4	2	1	1/8		1/8	1		2	74	407
27	25	3/8	3/8	2/4	1	1	1/8		1/8	1		-1	77	403
28	26	0	0	2/4	3	1	1/4		1/4	1		1	55	421
28	26	0	0	2/4	3	1	1/4		1/4	1		1	67	421
28	26	0	0	2/4	2	1	3/16		1/8	3/2		-3	75	417
28	26	0	0	2/4	1	1	3/16		1/8	3/2		1	79	413
28	26	3/16	3/16	2/4	2	1	1/16		1/16	1		-1	77	418
28	26	3/16	3/16	2/4	1	1	1/16		1/16	1		-4	80	414
28	26	1/4	1/4	2/4	2	1	1/8		1/8	1		-3	75	419
28	26	1/4	1/4	2/4	1	1	1/8		1/8	1		1	79	415
28	26	3/8	3/8	2/4	3	1	1/8		1/8	1		-2	70	422
28	26	3/8	3/8	2/4	2	1	1/8		1/8	1		2	74	420
28	26	3/8	3/8	2/4	1	1	1/8		1/8	1		1	79	416
29	27	0	0	2/4	3	1	1/8		1/8	1		0	72	433
29	27	0	0	2/4	2	1	1/8		1/8	1		-3	75	428
29	27	0	0	2/4	1	1	1/8		1/8	1		3	81	423
29	27	1/8	1/8	2/4	3	1	1/16		1/16	1		-2	70	434
29	27	1/8	1/8	2/4	2	1	1/16		1/16	1		2	74	429
29	27	1/8	1/8	2/4	1	1	1/16		1/16	1		1	79	424
29	27	3/16	3/16	2/4	3	1	1/16		1/16	1		3	69	435
29	27	3/16	3/16	2/4	2	1	1/16		1/16	1		0	72	430
29	27	3/16	3/16	2/4	1	1	1/16		1/16	1		6	78	425
29	27	1/4	1/4	2/4	3	1	1/8		1/8	1		-2	70	436
29	27	1/4	1/4	2/4	2	1	1/8		1/8	1		2	74	431
29	27	1/4	1/4	2/4	1	1	1/8		1/8	1		1	79	426
29	27	3/8	3/8	2/4	3	1	1/8		1/8	1		1	67	437
29	27	3/8	3/8	2/4	2	1	1/8		1/8	1		-2	70	432
29	27	3/8	3/8	2/4	1	1	1/8		1/8	1		-3	75	427
30	28	0	0	2/4	3	1	1/8		1/8	1		6	66	448
30	28	0	0	2/4	2	1	1/8		1/8	1		3	69	443
30	28	0	0	2/4	1	1	1/16		1/16	1		2	74	438
30	28	1/16	1/16	2/4	1	1	1/16		1/16	1		0	72	439
30	28	1/8	1/8	2/4	3	1	1/16		1/16	1		-3	63	449
30	28	1/8	1/8	2/4	2	1	1/16		1/16	1		1	67	444
30	28	1/8	1/8	2/4	1	1	1/8		1/8	1		-2	70	440
30	28	3/16	3/16	2/4	3	1	1/16		1/16	1		2	62	450
30	28	3/16	3/16	2/4	2	1	1/16		1/16	1		6	66	445
30	28	1/4	1/4	2/4	3	1	1/8		1/8	1		-3	63	451
30	28	1/4	1/4	2/4	2	1	1/8		1/8	1		1	67	446
30	28	1/4	1/4	2/4	1	1	1/8		1/8	1		0	72	441
30	28	3/8	3/8	2/4	3	1	1/8		1/8	1		0	60	452
30	28	3/8	3/8	2/4	2	1	1/8		1/8	1		1	67	447
30	28	3/8	3/8	2/4	1	1	1/8		1/8	1		3	69	442
31	29	0	0	2/4	3	1	1/8		1/8	1		2	62	463
31	29	0	0	2/4	2	1	1/8		1/8	1		1	67	458
31	29	0	0	2/4	1	1	1/8		1/8	1		-2	70	453
31	29	1/8	1/8	2/4	3	1	1/16		1/16	1		0	60	464
31	29	1/8	1/8	2/4	2	1	1/16		1/16	1		-3	63	459
31	29	1/8	1/8	2/4	1	1	1/16		1/16	1		3	69	454
31	29	3/16	3/16	2/4	3	1	1/16		1/16	1		-2	58	465
31	29	3/16	3/16	2/4	2	1	1/16		1/16	1		2	62	460
31	29	3/16	3/16	2/4	1	1	1/16		1/16	1		1	67	455
31	29	1/4	1/4	2/4	3	1	1/8		1/8	1		0	60	466
31	29	1/4	1/4	2/4	2	1	1/8		1/8	1		-3	63	461
31	29	1/4	1/4	2/4	1	1	1/8		1/8	1		3	69	456
31	29	3/8	3/8	2/4	4	1	1/8		1/8	1		2	50	468
31	29	3/8	3/8	2/4	3	1	1/8		1/8	1		3	57	467
31	29	3/8	3/8	2/4	2	1	1/8		1/8	1		2	62	462
31	29	3/8	3/8	2/4	1	1	1/8		1/8	1		6	66	457
32	30	0	0	2/4	4	1	1/8		1/8	1		1	43	472
32	30	0	0	2/4	3	1	1/8		1/8	1		-2	58	471
32	30	0	0	2/4	2	1	1/8		1/8	1		2	62	470
32	30	0	0	2/4	1	1	1/8		1/8	1		1	67	469
33	30	0	3/8	2/4	2	1	1/16		1/16	1		1	67	475
33	30	0	3/8	2/4	1	1	1/16		1/16	1		5	71	473
33	30	1/16	7/16	2/4	2	1	1/16		1/16	1		3	69	476
33	30	1/16	7/16	2/4	1	1	1/16		1/16	1		0	72	474
34	31	0	0	2/4	4	1	1/2		1/2	1	1	1	43	494
34	31	0	0	2/4	3	1	1/2		1/2	1	1	1	55	493
34	31	0	0	2/4	2	1	1/16		1/16	1		5	71	485
34	31	0	0	2/4	1	1	1/16		1/16	1		2	74	477
34	31	1/16	1/16	2/4	2	1	1/16		1/16	1		1	67	486
34	31	1/16	1/16	2/4	1	1	1/16		1/16	1		0	72	478
34	31	1/8	1/8	2/4	2	1	1/16		1/16	1		2	62	487
34	31	1/8	1/8	2/4	1	1	1/16		1/16	1		5	71	479
34	31	3/16	3/16	2/4	2	1	1/16		1/16	1		1	67	488
34	31	3/16	3/16	2/4	1	1	1/16		1/16	1		0	72	480
34	31	1/4	1/4	2/4	2	1	1/16		1/16	1		5	71	489
34	31	1/4	1/4	2/4	1	1	1/16		1/16	1		2	74	481
34	31	5/16	5/16	2/4	2	1	1/16		1/16	1		1	67	490
34	31	5/16	5/16	2/4	1	1	1/16		1/16	1		1	79	482
34	31	3/8	3/8	2/4	2	1	1/16		1/16	1		0	72	491
34	31	3/8	3/8	2/4	1	1	1/16		1/16	1		4	76	483
34	31	7/16	7/16	2/4	2	1	1/16		1/16	1		1	67	492
34	31	7/16	7/16	2/4	1	1	1/16		1/16	1		1	79	484
35	32	0	0	2/4	4	1	1/2		1/2	1	0	1	43	512
35	32	0	0	2/4	3	1	1/2		1/2	1	0	1	55	511
35	32	0	0	2/4	2	1	1/16		1/16	1		5	71	503
35	32	0	0	2/4	1	1	1/16		1/16	1		2	74	495
35	32	1/16	1/16	2/4	2	1	1/16		1/16	1		1	67	504
35	32	1/16	1/16	2/4	1	1	1/16		1/16	1		1	79	496
35	32	1/8	1/8	2/4	2	1	1/16		1/16	1		0	72	505
35	32	1/8	1/8	2/4	1	1	1/16		1/16	1		4	76	497
35	32	3/16	3/16	2/4	2	1	1/16		1/16	1		1	67	506
35	32	3/16	3/16	2/4	1	1	1/16		1/16	1		1	79	498
35	32	1/4	1/4	2/4	2	1	1/16		1/16	1		5	71	507
35	32	1/4	1/4	2/4	1	1	1/16		1/16	1		2	74	499
35	32	5/16	5/16	2/4	2	1	1/16		1/16	1		3	69	508
35	32	5/16	5/16	2/4	1	1	1/16		1/16	1		0	72	500
35	32	3/8	3/8	2/4	2	1	1/16		1/16	1		1	67	509
35	32	3/8	3/8	2/4	1	1	1/16		1/16	1		5	71	501
35	32	7/16	7/16	2/4	2	1	1/16		1/16	1		3	69	510
35	32	7/16	7/16	2/4	1	1	1/16		1/16	1		0	72	502
36	33	0	0	2/4	4	1	1/2		1/2	1	0	1	43	530
36	33	0	0	2/4	3	1	1/2		1/2	1	0	1	55	529
36	33	0	0	2/4	2	1	1/16		1/16	1		5	71	521
36	33	0	0	2/4	1	1	1/16		1/16	1		2	74	513
36	33	1/16	1/16	2/4	2	1	1/16		1/16	1		1	67	522
36	33	1/16	1/16	2/4	1	1	1/16		1/16	1		0	72	514
36	33	1/8	1/8	2/4	2	1	1/16		1/16	1		2	62	523
36	33	1/8	1/8	2/4	1	1	1/16		1/16	1		5	71	515
36	33	3/16	3/16	2/4	2	1	1/16		1/16	1		1	67	524
36	33	3/16	3/16	2/4	1	1	1/16		1/16	1		0	72	516
36	33	1/4	1/4	2/4	2	1	1/16		1/16	1		5	71	525
36	33	1/4	1/4	2/4	1	1	1/16		1/16	1		2	74	517
36	33	5/16	5/16	2/4	2	1	1/16		1/16	1		1	67	526
36	33	5/16	5/16	2/4	1	1	1/16		1/16	1		1	79	518
36	33	3/8	3/8	2/4	2	1	1/16		1/16	1		0	72	527
36	33	3/8	3/8	2/4	1	1	1/16		1/16	1		4	76	519
36	33	7/16	7/16	2/4	2	1	1/16		1/16	1		1	67	528
36	33	7/16	7/16	2/4	1	1	1/16		1/16	1		1	79	520
37	34	0	0	2/4	4	1	1/2		1/2	1	-1	1	43	548
37	34	0	0	2/4	3	1	1/2		1/2	1	0	1	55	547
37	34	0	0	2/4	2	1	1/16		1/16	1		5	71	539
37	34	0	0	2/4	1	1	1/16		1/16	1		2	74	531
37	34	1/16	1/16	2/4	2	1	1/16		1/16	1		1	67	540
37	34	1/16	1/16	2/4	1	1	1/16		1/16	1		1	79	532
37	34	1/8	1/8	2/4	2	1	1/16		1/16	1		0	72	541
37	34	1/8	1/8	2/4	1	1	1/16		1/16	1		4	76	533
37	34	3/16	3/16	2/4	2	1	1/16		1/16	1		1	67	542
37	34	3/16	3/16	2/4	1	1	1/16		1/16	1		1	79	534
37	34	1/4	1/4	2/4	2	1	1/16		1/16	1		5	71	543
37	34	1/4	1/4	2/4	1	1	1/16		1/16	1		2	74	535
37	34	5/16	5/16	2/4	2	1	1/16		1/16	1		2	74	544
37	34	5/16	5/16	2/4	1	1	1/16		1/16	1		6	78	536
37	34	3/8	3/8	2/4	2	1	1/16		1/16	1		4	76	545
37	34	3/8	3/8	2/4	1	1	1/16		1/16	1		1	79	537
37	34	7/16	7/16	2/4	2	1	1/16		1/16	1		6	78	546
37	34	7/16	7/16	2/4	1	1	1/16		1/16	1		3	81	538
38	35	0	0	2/4	4	1	1/2		1/2	1	1	4	40	566
38	35	0	0	2/4	3	1	1/2		1/2	1	0	1	55	565
38	35	0	0	2/4	2	1	1/16		1/16	1		1	79	557
38	35	0	0	2/4	1	1	1/16		1/16	1		5	83	549
38	35	1/16	1/16	2/4	2	1	1/16		1/16	1		4	76	558
38	35	1/16	1/16	2/4	1	1	1/16		1/16	1		3	81	550
38	35	1/8	1/8	2/4	2	1	1/16		1/16	1		5	71	559
38	35	1/8	1/8	2/4	1	1	1/16		1/16	1		1	79	551
38	35	3/16	3/16	2/4	2	1	1/16		1/16	1		4	76	560
38	35	3/16	3/16	2/4	1	1	1/16		1/16	1		3	81	552
38	35	1/4	1/4	2/4	2	1	1/16		1/16	1		1	79	561
38	35	1/4	1/4	2/4	1	1	1/16		1/16	1		5	83	553
38	35	5/16	5/16	2/4	2	1	1/16		1/16	1		4	76	562
38	35	5/16	5/16	2/4	1	1	1/16		1/16	1		4	88	554
38	35	3/8	3/8	2/4	2	1	1/16		1/16	1		3	81	563
38	35	3/8	3/8	2/4	1	1	1/16		1/16	1		0	84	555
38	35	7/16	7/16	2/4	2	1	1/16		1/16	1		4	76	564
38	35	7/16	7/16	2/4	1	1	1/16		1/16	1		4	88	556
39	36	0	0	2/4	4	1	1/2		1/2	1	0	4	40	584
39	36	0	0	2/4	3	1	1/2		1/2	1	0	1	55	583
39	36	0	0	2/4	2	1	1/16		1/16	1		1	79	575
39	36	0	0	2/4	1	1	1/16		1/16	1		5	83	567
39	36	1/16	1/16	2/4	2	1	1/16		1/16	1		4	76	576
39	36	1/16	1/16	2/4	1	1	1/16		1/16	1		4	88	568
39	36	1/8	1/8	2/4	2	1	1/16		1/16	1		3	81	577
39	36	1/8	1/8	2/4	1	1	1/16		1/16	1		0	84	569
39	36	3/16	3/16	2/4	2	1	1/16		1/16	1		4	76	578
39	36	3/16	3/16	2/4	1	1	1/16		1/16	1		4	88	570
39	36	1/4	1/4	2/4	2	1	1/16		1/16	1		1	79	579
39	36	1/4	1/4	2/4	1	1	1/16		1/16	1		5	83	571
39	36	5/16	5/16	2/4	2	1	1/16		1/16	1		6	78	580
39	36	5/16	5/16	2/4	1	1	1/16		1/16	1		3	81	572
39	36	3/8	3/8	2/4	2	1	1/16		1/16	1		4	76	581
39	36	3/8	3/8	2/4	1	1	1/16		1/16	1		1	79	573
39	36	7/16	7/16	2/4	2	1	1/16		1/16	1		6	78	582
39	36	7/16	7/16	2/4	1	1	1/16		1/16	1		3	81	574
40	37	0	0	2/4	4	1	1/2		1/2	1	0	4	40	602
40	37	0	0	2/4	4	1	1/2		1/2	1	1	5	47	602
40	37	0	0	2/4	3	1	1/2		1/2	1	0	1	55	601
40	37	0	0	2/4	3	1	1/2		1/2	1	1	4	64	601
40	37	0	0	2/4	2	1	1/16		1/16	1		1	79	593
40	37	0	0	2/4	1	1	1/16		1/16	1		5	83	585
40	37	1/16	1/16	2/4	2	1	1/16		1/16	1		4	76	594
40	37	1/16	1/16	2/4	1	1	1/16		1/16	1		3	81	586
40	37	1/8	1/8	2/4	2	1	1/16		1/16	1		5	71	595
40	37	1/8	1/8	2/4	1	1	1/16		1/16	1		1	79	587
40	37	3/16	3/16	2/4	2	1	1/16		1/16	1		4	76	596
40	37	3/16	3/16	2/4	1	1	1/16		1/16	1		3	81	588
40	37	1/4	1/4	2/4	2	1	1/16		1/16	1		1	79	597
40	37	1/4	1/4	2/4	1	1	1/16		1/16	1		5	83	589
40	37	5/16	5/16	2/4	2	1	1/16		1/16	1		4	76	598
40	37	5/16	5/16	2/4	1	1	1/16		1/16	1		4	88	590
40	37	3/8	3/8	2/4	2	1	1/16		1/16	1		3	81	599
40	37	3/8	3/8	2/4	1	1	1/16		1/16	1		0	84	591
40	37	7/16	7/16	2/4	2	1	1/16		1/16	1		4	76	600
40	37	7/16	7/16	2/4	1	1	1/16		1/16	1		4	88	592
41	38	0	0	2/4	4	1	1/2		1/2	1	-1	4	40	620
41	38	0	0	2/4	4	1	1/2		1/2	1	-1	5	47	620
41	38	0	0	2/4	3	1	1/2		1/2	1	-1	1	55	619
41	38	0	0	2/4	3	1	1/2		1/2	1	-1	4	64	619
41	38	0	0	2/4	2	1	1/16		1/16	1		1	79	611
41	38	0	0	2/4	1	1	1/16		1/16	1		5	83	603
41	38	1/16	1/16	2/4	2	1	1/16		1/16	1		4	76	612
41	38	1/16	1/16	2/4	1	1	1/16		1/16	1		4	88	604
41	38	1/8	1/8	2/4	2	1	1/16		1/16	1		3	81	613
41	38	1/8	1/8	2/4	1	1	1/16		1/16	1		0	84	605
41	38	3/16	3/16	2/4	2	1	1/16		1/16	1		4	76	614
41	38	3/16	3/16	2/4	1	1	1/16		1/16	1		4	88	606
41	38	1/4	1/4	2/4	2	1	1/16		1/16	1		1	79	615
41	38	1/4	1/4	2/4	1	1	1/16		1/16	1		5	83	607
41	38	5/16	5/16	2/4	2	1	1/16		1/16	1		6	78	616
41	38	5/16	5/16	2/4	1	1	1/16		1/16	1		3	81	608
41	38	3/8	3/8	2/4	2	1	1/16		1/16	1		4	76	617
41	38	3/8	3/8	2/4	1	1	1/16		1/16	1		1	79	609
41	38	7/16	7/16	2/4	2	1	1/16		1/16	1		6	78	618
41	38	7/16	7/16	2/4	1	1	1/16		1/16	1		5	83	610
42	39	0	0	2/4	4	1	1/4		1/4	1		7	37	633
42	39	0	0	2/4	3	1	1/4		1/4	1		4	52	631
42	39	0	0	2/4	2	1	1/8		1/8	1		1	79	626
42	39	0	0	2/4	1	1	1/16		1/16	1		3	81	621
42	39	1/16	1/16	2/4	1	1	1/16		1/16	1		4	76	622
42	39	1/8	1/8	2/4	1	1	1/16		1/16	1		7	73	623
42	39	3/16	3/16	2/4	1	1	1/16		1/16	1		3	69	624
42	39	1/4	1/4	2/4	4	1	1/4		1/4	1		2	38	634
42	39	1/4	1/4	2/4	3	1	1/4		1/4	1		6	54	632
42	39	1/4	1/4	2/4	2	1	1/16		1/16	1		2	74	627
42	39	1/4	1/4	2/4	1	1	1/16		1/16	1		6	78	625
42	39	5/16	5/16	2/4	2	1	1/16		1/16	1		3	69	628
42	39	3/8	3/8	2/4	2	1	1/16		1/16	1		6	66	629
42	39	7/16	7/16	2/4	2	1	1/16		1/16	1		2	62	630
43	40	0	0	2/4	4	1	1/4		1/4	1		4	40	647
43	40	0	0	2/4	3	1	1/4		1/4	1		1	55	645
43	40	0	0	2/4	1	1	1/16		1/16	1		3	57	635
43	40	0	0	2/4	2	1	1/16		1/16	1		7	61	640
43	40	1/16	1/16	2/4	1	1	1/16		1/16	1		7	61	636
43	40	1/8	1/8	2/4	1	1	1/16		1/16	1		4	64	637
43	40	3/16	3/16	2/4	1	1	1/16		1/16	1		3	69	638
43	40	1/4	1/4	2/4	4	1	1/4		1/4	1		6	42	648
43	40	1/4	1/4	2/4	3	1	1/4		1/4	1		3	57	646
43	40	1/4	1/4	2/4	1	1	1/16		1/16	1		2	62	639
43	40	1/4	1/4	2/4	2	1	1/16		1/16	1		6	66	641
43	40	5/16	5/16	2/4	2	1	1/16		1/16	1		3	69	642
43	40	3/8	3/8	2/4	2	1	1/16		1/16	1		2	74	643
43	40	7/16	7/16	2/4	2	1	1/16		1/16	1		6	78	644
44	41	0	0	2/4	4	1	1/4		1/4	1		7	37	661
44	41	0	0	2/4	3	1	1/4		1/4	1		4	52	659
44	41	0	0	2/4	2	1	1/16		1/16	1		1	79	654
44	41	0	0	2/4	1	1	1/16		1/16	1		3	81	649
44	41	1/16	1/16	2/4	1	1	1/16		1/16	1		4	76	650
44	41	1/8	1/8	2/4	1	1	1/16		1/16	1		7	73	651
44	41	3/16	3/16	2/4	1	1	1/16		1/16	1		3	69	652
44	41	1/4	1/4	2/4	4	1	1/4		1/4	1		2	38	662
44	41	1/4	1/4	2/4	3	1	1/4		1/4	1		6	54	660
44	41	1/4	1/4	2/4	2	1	1/16		1/16	1		2	74	655
44	41	1/4	1/4	2/4	1	1	1/16		1/16	1		6	78	653
44	41	5/16	5/16	2/4	2	1	1/16		1/16	1		3	69	656
44	41	3/8	3/8	2/4	2	1	1/16		1/16	1		6	66	657
44	41	7/16	7/16	2/4	2	1	1/16		1/16	1		2	62	658
45	42	0	0	2/4	4	1	1/4		1/4	1		4	40	675
45	42	0	0	2/4	3	1	1/4		1/4	1		1	55	673
45	42	0	0	2/4	1	1	1/16		1/16	1		3	57	663
45	42	0	0	2/4	2	1	1/16		1/16	1		7	61	668
45	42	1/16	1/16	2/4	1	1	1/16		1/16	1		7	61	664
45	42	1/8	1/8	2/4	1	1	1/16		1/16	1		4	64	665
45	42	3/16	3/16	2/4	1	1	1/16		1/16	1		3	69	666
45	42	1/4	1/4	2/4	4	1	1/4		1/4	1		6	42	676
45	42	1/4	1/4	2/4	3	1	1/4		1/4	1		3	57	674
45	42	1/4	1/4	2/4	1	1	1/16		1/16	1		2	62	667
45	42	1/4	1/4	2/4	2	1	1/16		1/16	1		6	66	669
45	42	5/16	5/16	2/4	2	1	1/16		1/16	1		3	69	670
45	42	3/8	3/8	2/4	2	1	1/16		1/16	1		2	74	671
45	42	7/16	7/16	2/4	2	1	1/16		1/16	1		6	78	672
46	43	0	0	2/4	4	1	1/2		1/2	1		8	44	687
46	43	0	0	2/4	4	1	1/2		1/2	1	1	4	52	687
46	43	0	0	2/4	3	1	1/2		1/2	1		5	59	686
46	43	0	0	2/4	3	1	1/2		1/2	1		2	62	686
46	43	0	0	2/4	2	1	1/8		1/8	1		4	76	685
46	43	0	0	2/4	1	1	1/16		1/16	1		2	86	677
46	43	1/16	1/16	2/4	1	1	1/16		1/16	1		5	83	678
46	43	1/8	1/8	2/4	1	1	1/16		1/16	1		8	80	679
46	43	3/16	3/16	2/4	1	1	1/16		1/16	1		4	76	680
46	43	1/4	1/4	2/4	1	1	1/16		1/16	1		2	74	681
46	43	5/16	5/16	2/4	1	1	1/16		1/16	1		5	71	682
46	43	3/8	3/8	2/4	1	1	1/16		1/16	1		8	68	683
46	43	7/16	7/16	2/4	1	1	1/16		1/16	1		4	64	684
47	44	0	0	2/4	4	1	1/2		1/2	1		1	43	698
47	44	0	0	2/4	4	1	1/2		1/2	1	-1	4	52	698
47	44	0	0	2/4	1	1	1/8		1/8	1		3	57	688
47	44	0	0	2/4	3	1	1/2		1/2	1		7	61	697
47	44	0	0	2/4	2	1	1/16		1/16	1		4	64	689
47	44	1/16	1/16	2/4	2	1	1/16		1/16	1		7	61	690
47	44	1/8	1/8	2/4	2	1	1/16		1/16	1		3	57	691
47	44	3/16	3/16	2/4	2	1	1/16		1/16	1		7	61	692
47	44	1/4	1/4	2/4	2	1	1/16		1/16	1		4	64	693
47	44	5/16	5/16	2/4	2	1	1/16		1/16	1		3	69	694
47	44	3/8	3/8	2/4	2	1	1/16		1/16	1		7	73	695
47	44	7/16	7/16	2/4	2	1	1/16		1/16	1		4	76	696
48	45	0	0	2/4	4	1	1/8		1/8	1		6	42	711
48	45	0	0	2/4	3	1	1/8		1/8	1		2	62	707
48	45	0	0	2/4	2	1	1/8		1/8	1		3	81	706
48	45	1/16	1/16	2/4	1	1	1/16		1/16	1		2	74	699
48	45	1/8	1/8	2/4	4	1	1/8		1/8	1		5	47	712
48	45	1/8	1/8	2/4	3	1	1/8		1/8	1		2	62	708
48	45	1/8	1/8	2/4	1	1	1/16		1/16	1		4	76	700
48	45	3/16	3/16	2/4	1	1	1/16		1/16	1		6	78	701
48	45	1/4	1/4	2/4	4	1	1/8		1/8	1		1	43	713
48	45	1/4	1/4	2/4	3	1	1/8		1/8	1		4	64	709
48	45	1/4	1/4	2/4	1	1	1/16		1/16	1		1	79	702
48	45	5/16	5/16	2/4	1	1	1/16		1/16	1		3	81	703
48	45	3/8	3/8	2/4	4	1	1/8		1/8	1		3	45	714
48	45	3/8	3/8	2/4	3	1	1/8		1/8	1		1	67	710
48	45	3/8	3/8	2/4	1	1	1/16		1/16	1		5	83	704
48	45	7/16	7/16	2/4	1	1	1/16		1/16	1		7	85	705
49	46	0	0	2/4	4	1	1/2		1/2	1	1	2	38	732
49	46	0	0	2/4	4	1	1/2		1/2	1	1	3	45	732
49	46	0	0	2/4	3	1	1/2		1/2	1	1	3	57	731
49	46	0	0	2/4	3	1	1/2		1/2	1	1	6	66	731
49	46	0	0	2/4	2	1	1/16		1/16	1		6	78	723
49	46	0	0	2/4	1	1	1/16		1/16	1		2	86	715
49	46	1/16	1/16	2/4	2	1	1/16		1/16	1		4	76	724
49	46	1/16	1/16	2/4	1	1	1/16		1/16	1		3	81	716
49	46	1/8	1/8	2/4	2	1	1/16		1/16	1		2	74	725
49	46	1/8	1/8	2/4	1	1	1/16		1/16	1		6	78	717
49	46	3/16	3/16	2/4	2	1	1/16		1/16	1		4	76	726
49	46	3/16	3/16	2/4	1	1	1/16		1/16	1		3	81	718
49	46	1/4	1/4	2/4	2	1	1/16		1/16	1		6	78	727
49	46	1/4	1/4	2/4	1	1	1/16		1/16	1		2	86	719
49	46	5/16	5/16	2/4	2	1	1/16		1/16	1		4	76	728
49	46	5/16	5/16	2/4	1	1	1/16		1/16	1		3	81	720
49	46	3/8	3/8	2/4	2	1	1/16		1/16	1		2	74	729
49	46	3/8	3/8	2/4	1	1	1/16		1/16	1		6	78	721
49	46	7/16	7/16	2/4	2	1	1/16		1/16	1		3	69	730
49	46	7/16	7/16	2/4	1	1	1/16		1/16	1		4	76	722
50	47	0	0	2/4	4	1	1/2		1/2	1	0	2	38	750
50	47	0	0	2/4	4	1	1/2		1/2	1	0	3	45	750
50	47	0	0	2/4	3	1	1/2		1/2	1	0	3	57	749
50	47	0	0	2/4	2	1	1/16		1/16	1		6	66	741
50	47	0	0	2/4	3	1	1/2		1/2	1	-1	6	66	749
50	47	0	0	2/4	1	1	1/16		1/16	1		2	74	733
50	47	1/16	1/16	2/4	2	1	1/16		1/16	1		3	69	742
50	47	1/16	1/16	2/4	1	1	1/16		1/16	1		4	76	734
50	47	1/8	1/8	2/4	2	1	1/16		1/16	1		2	74	743
50	47	1/8	1/8	2/4	1	1	1/16		1/16	1		6	78	735
50	47	3/16	3/16	2/4	2	1	1/16		1/16	1		3	69	744
50	47	3/16	3/16	2/4	1	1	1/16		1/16	1		4	76	736
50	47	1/4	1/4	2/4	2	1	1/16		1/16	1		6	66	745
50	47	1/4	1/4	2/4	1	1	1/16		1/16	1		2	74	737
50	47	5/16	5/16	2/4	2	1	1/16		1/16	1		4	64	746
50	47	5/16	5/16	2/4	1	1	1/16		1/16	1		3	69	738
50	47	3/8	3/8	2/4	2	1	1/16		1/16	1		2	62	747
50	47	3/8	3/8	2/4	1	1	1/16		1/16	1		6	66	739
50	47	7/16	7/16	2/4	2	1	1/16		1/16	1		4	64	748
50	47	7/16	7/16	2/4	1	1	1/16		1/16	1		3	69	740
51	48	0	0	2/4	4	1	1/2		1/2	1	0	2	38	768
51	48	0	0	2/4	4	1	1/2		1/2	1	0	3	45	768
51	48	0	0	2/4	3	1	1/2		1/2	1	1	6	54	767
51	48	0	0	2/4	3	1	1/2		1/2	1	0	3	57	767
51	48	0	0	2/4	2	1	1/16		1/16	1		6	66	759
51	48	0	0	2/4	1	1	1/16		1/16	1		2	74	751
51	48	1/16	1/16	2/4	2	1	1/16		1/16	1		4	64	760
51	48	1/16	1/16	2/4	1	1	1/16		1/16	1		3	69	752
51	48	1/8	1/8	2/4	2	1	1/16		1/16	1		2	62	761
51	48	1/8	1/8	2/4	1	1	1/16		1/16	1		6	66	753
51	48	3/16	3/16	2/4	2	1	1/16		1/16	1		3	57	762
51	48	3/16	3/16	2/4	1	1	1/16		1/16	1		4	64	754
51	48	1/4	1/4	2/4	1	1	1/16		1/16	1		2	62	755
51	48	1/4	1/4	2/4	2	1	1/16		1/16	1		2	62	763
51	48	5/16	5/16	2/4	2	1	1/16		1/16	1		3	57	764
51	48	5/16	5/16	2/4	1	1	1/16		1/16	1		4	64	756
51	48	3/8	3/8	2/4	2	1	1/16		1/16	1		2	62	765
51	48	3/8	3/8	2/4	1	1	1/16		1/16	1		6	66	757
51	48	7/16	7/16	2/4	2	1	1/16		1/16	1		3	57	766
51	48	7/16	7/16	2/4	1	1	1/16		1/16	1		4	64	758
52	49	0	0	2/4	4	1	1/8		1/8	1	-1	2	38	772
52	49	0	0	2/4	4	1	1/8		1/8	1	-1	3	45	772
52	49	0	0	2/4	3	1	1/8		1/8	1	-1	6	54	771
52	49	0	0	2/4	3	1	1/8		1/8	1	-1	3	57	771
52	49	0	0	2/4	1	1	1/8		1/8	1		2	62	769
52	49	0	0	2/4	2	1	1/8		1/8	1		2	62	770
52	49	1/8	1/8	2/4	4	1	1/8		1/8	1		2	38	773
52	49	1/4	1/4	2/4	4	1	1/8		1/8	1		2	50	774
53	49	0	3/8	2/4	4	1	1/16		1/16	1		2	38	777
53	49	0	3/8	2/4	3	1	1/16		1/16	1		6	54	775
53	49	1/16	7/16	2/4	4	1	1/16		1/16	1		4	40	778
53	49	1/16	7/16	2/4	3	1	1/16		1/16	1		1	55	776
54	50	0	0	2/4	4	1	1/16		1/16	1		6	42	789
54	50	0	0	2/4	3	1	1/16		1/16	1		3	57	781
54	50	0	0	2/4	2	1	1/2		1/2	1	1	2	62	780
54	50	0	0	2/4	1	1	1/2		1/2	1	1	2	74	779
54	50	1/16	1/16	2/4	4	1	1/16		1/16	1		4	40	790
54	50	1/16	1/16	2/4	3	1	1/16		1/16	1		1	55	782
54	50	1/8	1/8	2/4	4	1	1/16		1/16	1		2	38	791
54	50	1/8	1/8	2/4	3	1	1/16		1/16	1		6	54	783
54	50	3/16	3/16	2/4	4	1	1/16		1/16	1		4	40	792
54	50	3/16	3/16	2/4	3	1	1/16		1/16	1		1	55	784
54	50	1/4	1/4	2/4	4	1	1/16		1/16	1		6	42	793
54	50	1/4	1/4	2/4	3	1	1/16		1/16	1		3	57	785
54	50	5/16	5/16	2/4	4	1	1/16		1/16	1		5	47	794
54	50	5/16	5/16	2/4	3	1	1/16		1/16	1		2	62	786
54	50	3/8	3/8	2/4	4	1	1/16		1/16	1		1	43	795
54	50	3/8	3/8	2/4	3	1	1/16		1/16	1		5	59	787
54	50	7/16	7/16	2/4	4	1	1/16		1/16	1		5	47	796
54	50	7/16	7/16	2/4	3	1	1/16		1/16	1		2	62	788
55	51	0	0	2/4	4	1	1/16		1/16	1		6	42	807
55	51	0	0	2/4	3	1	1/16		1/16	1		3	57	799
55	51	0	0	2/4	2	1	1/2		1/2	1	0	2	62	798
55	51	0	0	2/4	1	1	1/2		1/2	1	0	2	74	797
55	51	1/16	1/16	2/4	4	1	1/16		1/16	1		5	47	808
55	51	1/16	1/16	2/4	3	1	1/16		1/16	1		2	62	800
55	51	1/8	1/8	2/4	4	1	1/16		1/16	1		1	43	809
55	51	1/8	1/8	2/4	3	1	1/16		1/16	1		5	59	801
55	51	3/16	3/16	2/4	4	1	1/16		1/16	1		5	47	810
55	51	3/16	3/16	2/4	3	1	1/16		1/16	1		2	62	802
55	51	1/4	1/4	2/4	4	1	1/16		1/16	1		6	42	811
55	51	1/4	1/4	2/4	3	1	1/16		1/16	1		3	57	803
55	51	5/16	5/16	2/4	4	1	1/16		1/16	1		4	40	812
55	51	5/16	5/16	2/4	3	1	1/16		1/16	1		1	55	804
55	51	3/8	3/8	2/4	4	1	1/16		1/16	1		2	38	813
55	51	3/8	3/8	2/4	3	1	1/16		1/16	1		6	54	805
55	51	7/16	7/16	2/4	4	1	1/16		1/16	1		4	40	814
55	51	7/16	7/16	2/4	3	1	1/16		1/16	1		1	55	806
56	52	0	0	2/4	4	1	1/16		1/16	1		6	42	825
56	52	0	0	2/4	3	1	1/16		1/16	1		3	57	817
56	52	0	0	2/4	2	1	1/2		1/2	1	0	2	62	816
56	52	0	0	2/4	1	1	1/2		1/2	1	0	2	74	815
56	52	1/16	1/16	2/4	4	1	1/16		1/16	1		4	40	826
56	52	1/16	1/16	2/4	3	1	1/16		1/16	1		1	55	818
56	52	1/8	1/8	2/4	4	1	1/16		1/16	1		2	38	827
56	52	1/8	1/8	2/4	3	1	1/16		1/16	1		6	54	819
56	52	3/16	3/16	2/4	4	1	1/16		1/16	1		4	40	828
56	52	3/16	3/16	2/4	3	1	1/16		1/16	1		1	55	820
56	52	1/4	1/4	2/4	4	1	1/16		1/16	1		6	42	829
56	52	1/4	1/4	2/4	3	1	1/16		1/16	1		3	57	821
56	52	5/16	5/16	2/4	4	1	1/16		1/16	1		5	47	830
56	52	5/16	5/16	2/4	3	1	1/16		1/16	1		2	62	822
56	52	3/8	3/8	2/4	4	1	1/16		1/16	1		1	43	831
56	52	3/8	3/8	2/4	3	1	1/16		1/16	1		5	59	823
56	52	7/16	7/16	2/4	4	1	1/16		1/16	1		5	47	832
56	52	7/16	7/16	2/4	3	1	1/16		1/16	1		2	62	824
57	53	0	0	2/4	4	1	1/16		1/16	1		6	42	843
57	53	0	0	2/4	3	1	1/16		1/16	1		3	57	835
57	53	0	0	2/4	2	1	1/2		1/2	1	-1	2	62	834
57	53	0	0	2/4	1	1	1/2		1/2	1	0	2	74	833
57	53	1/16	1/16	2/4	4	1	1/16		1/16	1		5	47	844
57	53	1/16	1/16	2/4	3	1	1/16		1/16	1		2	62	836
57	53	1/8	1/8	2/4	4	1	1/16		1/16	1		1	43	845
57	53	1/8	1/8	2/4	3	1	1/16		1/16	1		5	59	837
57	53	3/16	3/16	2/4	4	1	1/16		1/16	1		5	47	846
57	53	3/16	3/16	2/4	3	1	1/16		1/16	1		2	62	838
57	53	1/4	1/4	2/4	4	1	1/16		1/16	1		6	42	847
57	53	1/4	1/4	2/4	3	1	1/16		1/16	1		3	57	839
57	53	5/16	5/16	2/4	4	1	1/16		1/16	1		0	48	848
57	53	5/16	5/16	2/4	3	1	1/16		1/16	1		0	60	840
57	53	3/8	3/8	2/4	4	1	1/16		1/16	1		5	47	849
57	53	3/8	3/8	2/4	3	1	1/16		1/16	1		2	62	841
57	53	7/16	7/16	2/4	4	1	1/16		1/16	1		3	45	850
57	53	7/16	7/16	2/4	3	1	1/16		1/16	1		0	60	842
58	54	0	0	2/4	4	1	1/16		1/16	1		8	44	861
58	54	0	0	2/4	3	1	1/16		1/16	1		5	59	853
58	54	0	0	2/4	2	1	1/2		1/2	1	1	4	64	852
58	54	0	0	2/4	1	1	1/2		1/2	1	0	2	74	851
58	54	1/16	1/16	2/4	4	1	1/16		1/16	1		6	42	862
58	54	1/16	1/16	2/4	3	1	1/16		1/16	1		3	57	854
58	54	1/8	1/8	2/4	4	1	1/16		1/16	1		4	40	863
58	54	1/8	1/8	2/4	3	1	1/16		1/16	1		8	56	855
58	54	3/16	3/16	2/4	4	1	1/16		1/16	1		6	42	864
58	54	3/16	3/16	2/4	3	1	1/16		1/16	1		3	57	856
58	54	1/4	1/4	2/4	4	1	1/16		1/16	1		8	44	865
58	54	1/4	1/4	2/4	3	1	1/16		1/16	1		5	59	857
58	54	5/16	5/16	2/4	4	1	1/16		1/16	1		0	48	866
58	54	5/16	5/16	2/4	3	1	1/16		1/16	1		4	64	858
58	54	3/8	3/8	2/4	4	1	1/16		1/16	1		3	45	867
58	54	3/8	3/8	2/4	3	1	1/16		1/16	1		0	60	859
58	54	7/16	7/16	2/4	4	1	1/16		1/16	1		0	48	868
58	54	7/16	7/16	2/4	3	1	1/16		1/16	1		4	64	860
59	55	0	0	2/4	4	1	1/16		1/16	1		8	44	879
59	55	0	0	2/4	3	1	1/16		1/16	1		5	59	871
59	55	0	0	2/4	2	1	1/2		1/2	1	0	4	64	870
59	55	0	0	2/4	1	1	1/2		1/2	1	-1	2	74	869
59	55	1/16	1/16	2/4	4	1	1/16		1/16	1		0	48	880
59	55	1/16	1/16	2/4	3	1	1/16		1/16	1		4	64	872
59	55	1/8	1/8	2/4	4	1	1/16		1/16	1		3	45	881
59	55	1/8	1/8	2/4	3	1	1/16		1/16	1		0	60	873
59	55	3/16	3/16	2/4	4	1	1/16		1/16	1		0	48	882
59	55	3/16	3/16	2/4	3	1	1/16		1/16	1		4	64	874
59	55	1/4	1/4	2/4	4	1	1/16		1/16	1		8	44	883
59	55	1/4	1/4	2/4	3	1	1/16		1/16	1		5	59	875
59	55	5/16	5/16	2/4	4	1	1/16		1/16	1		4	40	884
59	55	5/16	5/16	2/4	3	1	1/16		1/16	1		8	56	876
59	55	3/8	3/8	2/4	4	1	1/16		1/16	1		6	42	885
59	55	3/8	3/8	2/4	3	1	1/16		1/16	1		3	57	877
59	55	7/16	7/16	2/4	4	1	1/16		1/16	1		8	44	886
59	55	7/16	7/16	2/4	3	1	1/16		1/16	1		5	59	878
60	56	0	0	2/4	4	1	1/16		1/16	1		3	45	898
60	56	0	0	2/4	3	1	1/16		1/16	1		0	60	890
60	56	0	0	2/4	2	1	1/4		1/4	1	-1	4	64	888
60	56	0	0	2/4	1	1	1/2		1/2	1		0	72	887
60	56	1/16	1/16	2/4	4	1	1/16		1/16	1		1	43	899
60	56	1/16	1/16	2/4	3	1	1/16		1/16	1		5	59	891
60	56	1/8	1/8	2/4	4	1	1/16		1/16	1		-1	41	900
60	56	1/8	1/8	2/4	3	1	1/16		1/16	1		3	57	892
60	56	3/16	3/16	2/4	4	1	1/16		1/16	1		1	43	901
60	56	3/16	3/16	2/4	3	1	1/16		1/16	1		5	59	893
60	56	1/4	1/4	2/4	4	1	1/16		1/16	1		3	45	902
60	56	1/4	1/4	2/4	3	1	1/16		1/16	1		0	60	894
60	56	1/4	1/4	2/4	2	1	1/4		1/4	1	1	-1	65	889
60	56	5/16	5/16	2/4	4	1	1/16		1/16	1		2	50	903
60	56	5/16	5/16	2/4	3	1	1/16		1/16	1		-1	65	895
60	56	3/8	3/8	2/4	4	1	1/16		1/16	1		0	48	904
60	56	3/8	3/8	2/4	3	1	1/16		1/16	1		4	64	896
60	56	7/16	7/16	2/4	4	1	1/16		1/16	1		2	50	905
60	56	7/16	7/16	2/4	3	1	1/16		1/16	1		-1	65	897
61	57	0	0	2/4	4	1	1/16		1/16	1		5	47	916
61	57	0	0	2/4	3	1	1/16		1/16	1		2	62	908
61	57	0	0	2/4	2	1	1/2		1/2	1	-1	-1	65	907
61	57	0	0	2/4	1	1	1/2		1/2	1		1	67	906
61	57	1/16	1/16	2/4	4	1	1/16		1/16	1		3	45	917
61	57	1/16	1/16	2/4	3	1	1/16		1/16	1		0	60	909
61	57	1/8	1/8	2/4	4	1	1/16		1/16	1		1	43	918
61	57	1/8	1/8	2/4	3	1	1/16		1/16	1		5	59	910
61	57	3/16	3/16	2/4	4	1	1/16		1/16	1		3	45	919
61	57	3/16	3/16	2/4	3	1	1/16		1/16	1		0	60	911
61	57	1/4	1/4	2/4	4	1	1/16		1/16	1		5	47	920
61	57	1/4	1/4	2/4	3	1	1/16		1/16	1		2	62	912
61	57	5/16	5/16	2/4	4	1	1/16		1/16	1		4	52	921
61	57	5/16	5/16	2/4	3	1	1/16		1/16	1		1	67	913
61	57	3/8	3/8	2/4	4	1	1/16		1/16	1		2	50	922
61	57	3/8	3/8	2/4	3	1	1/16		1/16	1		-1	65	914
61	57	7/16	7/16	2/4	4	1	1/16		1/16	1		4	52	923
61	57	7/16	7/16	2/4	3	1	1/16		1/16	1		1	67	915
62	58	0	0	2/4	4	1	1/16		1/16	1		0	48	937
62	58	0	0	2/4	2	1	1/8		1/8	1		4	64	927
62	58	0	0	2/4	3	1	1/8		1/8	1		4	64	930
62	58	0	0	2/4	1	1	1/8		1/8	1		1	67	924
62	58	1/16	1/16	2/4	4	1	1/16		1/16	1		5	47	938
62	58	1/8	1/8	2/4	4	1	1/16		1/16	1		3	45	939
62	58	1/8	1/8	2/4	3	1	1/16		1/16	1		0	48	931
62	58	1/8	1/8	2/4	2	1	1/8		1/8	1		1	67	928
62	58	1/8	1/8	2/4	1	1	1/4		1/4	1		3	69	925
62	58	3/16	3/16	2/4	4	1	1/16		1/16	1		0	48	940
62	58	3/16	3/16	2/4	3	1	1/16		1/16	1		4	52	932
62	58	1/4	1/4	2/4	4	1	1/16		1/16	1		2	50	941
62	58	1/4	1/4	2/4	3	1	1/16		1/16	1		6	54	933
62	58	1/4	1/4	2/4	2	1	1/4		1/4	1		6	66	929
62	58	5/16	5/16	2/4	4	1	1/16		1/16	1		0	48	942
62	58	5/16	5/16	2/4	3	1	1/16		1/16	1		4	52	934
62	58	3/8	3/8	2/4	4	1	1/16		1/16	1		5	47	943
62	58	3/8	3/8	2/4	3	1	1/16		1/16	1		2	50	935
62	58	3/8	3/8	2/4	1	1	1/8		1/8	1	1	5	71	926
62	58	7/16	7/16	2/4	4	1	1/16		1/16	1		2	50	944
62	58	7/16	7/16	2/4	3	1	1/16		1/16	1		6	54	936
63	59	0	0	2/4	4	1	1/16		1/16	1		4	52	964
63	59	0	0	2/4	3	1	1/16		1/16	1		1	55	956
63	59	0	0	2/4	2	1	1/4		1/4	1		4	64	951
63	59	0	0	2/4	1	1	1/8		1/8	1	-1	5	71	945
63	59	1/16	1/16	2/4	4	1	1/16		1/16	1		2	50	965
63	59	1/16	1/16	2/4	3	1	1/16		1/16	1		6	54	957
63	59	1/8	1/8	2/4	4	1	1/16		1/16	1		0	48	966
63	59	1/8	1/8	2/4	3	1	1/16		1/16	1		4	52	958
63	59	1/8	1/8	2/4	1	1	1/8		1/8	1	1	0	72	946
63	59	3/16	3/16	2/4	4	1	1/16		1/16	1		4	52	967
63	59	3/16	3/16	2/4	3	1	1/16		1/16	1		1	55	959
63	59	1/4	1/4	2/4	4	1	1/16		1/16	1		6	54	968
63	59	1/4	1/4	2/4	3	1	1/16		1/16	1		3	57	960
63	59	1/4	1/4	2/4	2	1	1/16		1/16	1		2	62	952
63	59	1/4	1/4	2/4	1	1	1/16		1/16	1	-1	0	72	947
63	59	5/16	5/16	2/4	4	1	1/16		1/16	1		4	52	969
63	59	5/16	5/16	2/4	3	1	1/16		1/16	1		1	55	961
63	59	5/16	5/16	2/4	2	1	1/16		1/16	1		3	69	953
63	59	5/16	5/16	2/4	1	1	1/16		1/16	1		0	72	948
63	59	3/8	3/8	2/4	4	1	1/16		1/16	1		2	50	970
63	59	3/8	3/8	2/4	3	1	1/16		1/16	1		6	54	962
63	59	3/8	3/8	2/4	2	1	1/16		1/16	1		1	67	954
63	59	3/8	3/8	2/4	1	1	1/16		1/16	1		5	71	949
63	59	7/16	7/16	2/4	4	1	1/16		1/16	1		6	54	971
63	59	7/16	7/16	2/4	3	1	1/16		1/16	1		3	57	963
63	59	7/16	7/16	2/4	2	1	1/16		1/16	1		3	69	955
63	59	7/16	7/16	2/4	1	1	1/16		1/16	1		0	72	950
64	60	0	0	2/4	4	1	1/2		1/2	1	1	1	43	989
64	60	0	0	2/4	3	1	1/2		1/2	1	1	1	55	988
64	60	0	0	2/4	2	1	1/16		1/16	1		5	71	980
64	60	0	0	2/4	1	1	1/16		1/16	1		2	74	972
64	60	1/16	1/16	2/4	2	1	1/16		1/16	1		1	67	981
64	60	1/16	1/16	2/4	1	1	1/16		1/16	1		0	72	973
64	60	1/8	1/8	2/4	2	1	1/16		1/16	1		2	62	982
64	60	1/8	1/8	2/4	1	1	1/16		1/16	1		5	71	974
64	60	3/16	3/16	2/4	2	1	1/16		1/16	1		1	67	983
64	60	3/16	3/16	2/4	1	1	1/16		1/16	1		0	72	975
64	60	1/4	1/4	2/4	2	1	1/16		1/16	1		5	71	984
64	60	1/4	1/4	2/4	1	1	1/16		1/16	1		2	74	976
64	60	5/16	5/16	2/4	2	1	1/16		1/16	1		1	67	985
64	60	5/16	5/16	2/4	1	1	1/16		1/16	1		1	79	977
64	60	3/8	3/8	2/4	2	1	1/16		1/16	1		0	72	986
64	60	3/8	3/8	2/4	1	1	1/16		1/16	1		4	76	978
64	60	7/16	7/16	2/4	2	1	1/16		1/16	1		1	67	987
64	60	7/16	7/16	2/4	1	1	1/16		1/16	1		1	79	979
65	61	0	0	2/4	4	1	1/2		1/2	1	0	1	43	1007
65	61	0	0	2/4	3	1	1/2		1/2	1	0	1	55	1006
65	61	0	0	2/4	2	1	1/16		1/16	1		5	71	998
65	61	0	0	2/4	1	1	1/16		1/16	1		2	74	990
65	61	1/16	1/16	2/4	2	1	1/16		1/16	1		1	67	999
65	61	1/16	1/16	2/4	1	1	1/16		1/16	1		1	79	991
65	61	1/8	1/8	2/4	2	1	1/16		1/16	1		0	72	1000
65	61	1/8	1/8	2/4	1	1	1/16		1/16	1		4	76	992
65	61	3/16	3/16	2/4	2	1	1/16		1/16	1		1	67	1001
65	61	3/16	3/16	2/4	1	1	1/16		1/16	1		1	79	993
65	61	1/4	1/4	2/4	2	1	1/16		1/16	1		5	71	1002
65	61	1/4	1/4	2/4	1	1	1/16		1/16	1		2	74	994
65	61	5/16	5/16	2/4	2	1	1/16		1/16	1		3	69	1003
65	61	5/16	5/16	2/4	1	1	1/16		1/16	1		0	72	995
65	61	3/8	3/8	2/4	2	1	1/16		1/16	1		1	67	1004
65	61	3/8	3/8	2/4	1	1	1/16		1/16	1		5	71	996
65	61	7/16	7/16	2/4	2	1	1/16		1/16	1		3	69	1005
65	61	7/16	7/16	2/4	1	1	1/16		1/16	1		0	72	997
66	62	0	0	2/4	4	1	1/2		1/2	1	0	1	43	1025
66	62	0	0	2/4	3	1	1/2		1/2	1	0	1	55	1024
66	62	0	0	2/4	2	1	1/16		1/16	1		5	71	1016
66	62	0	0	2/4	1	1	1/16		1/16	1		2	74	1008
66	62	1/16	1/16	2/4	2	1	1/16		1/16	1		1	67	1017
66	62	1/16	1/16	2/4	1	1	1/16		1/16	1		0	72	1009
66	62	1/8	1/8	2/4	2	1	1/16		1/16	1		2	62	1018
66	62	1/8	1/8	2/4	1	1	1/16		1/16	1		5	71	1010
66	62	3/16	3/16	2/4	2	1	1/16		1/16	1		1	67	1019
66	62	3/16	3/16	2/4	1	1	1/16		1/16	1		0	72	1011
66	62	1/4	1/4	2/4	2	1	1/16		1/16	1		5	71	1020
66	62	1/4	1/4	2/4	1	1	1/16		1/16	1		2	74	1012
66	62	5/16	5/16	2/4	2	1	1/16		1/16	1		1	67	1021
66	62	5/16	5/16	2/4	1	1	1/16		1/16	1		1	79	1013
66	62	3/8	3/8	2/4	2	1	1/16		1/16	1		0	72	1022
66	62	3/8	3/8	2/4	1	1	1/16		1/16	1		4	76	1014
66	62	7/16	7/16	2/4	2	1	1/16		1/16	1		1	67	1023
66	62	7/16	7/16	2/4	1	1	1/16		1/16	1		1	79	1015
67	63	0	0	2/4	4	1	1/2		1/2	1	-1	1	43	1043
67	63	0	0	2/4	3	1	1/2		1/2	1	-1	1	55	1042
67	63	0	0	2/4	2	1	1/16		1/16	1		5	71	1034
67	63	0	0	2/4	1	1	1/16		1/16	1		2	74	1026
67	63	1/16	1/16	2/4	2	1	1/16		1/16	1		1	67	1035
67	63	1/16	1/16	2/4	1	1	1/16		1/16	1		1	79	1027
67	63	1/8	1/8	2/4	2	1	1/16		1/16	1		0	72	1036
67	63	1/8	1/8	2/4	1	1	1/16		1/16	1		4	76	1028
67	63	3/16	3/16	2/4	2	1	1/16		1/16	1		1	67	1037
67	63	3/16	3/16	2/4	1	1	1/16		1/16	1		1	79	1029
67	63	1/4	1/4	2/4	2	1	1/16		1/16	1		5	71	1038
67	63	1/4	1/4	2/4	1	1	1/16		1/16	1		2	74	1030
67	63	5/16	5/16	2/4	2	1	1/16		1/16	1		2	74	1039
67	63	5/16	5/16	2/4	1	1	1/16		1/16	1		6	78	1031
67	63	3/8	3/8	2/4	2	1	1/16		1/16	1		4	76	1040
67	63	3/8	3/8	2/4	1	1	1/16		1/16	1		1	79	1032
67	63	7/16	7/16	2/4	2	1	1/16		1/16	1		6	78	1041
67	63	7/16	7/16	2/4	1	1	1/16		1/16	1		3	81	1033
68	64	0	0	2/4	4	1	1/2		1/2	1	1	4	40	1061
68	64	0	0	2/4	4	1	1/2		1/2	1	1	5	47	1061
68	64	0	0	2/4	3	1	1/2		1/2	1	1	8	56	1060
68	64	0	0	2/4	3	1	1/2		1/2	1	1	4	64	1060
68	64	0	0	2/4	2	1	1/16		1/16	1		8	80	1052
68	64	0	0	2/4	1	1	1/16		1/16	1		5	83	1044
68	64	1/16	1/16	2/4	2	1	1/16		1/16	1		4	76	1053
68	64	1/16	1/16	2/4	1	1	1/16		1/16	1		3	81	1045
68	64	1/8	1/8	2/4	2	1	1/16		1/16	1		5	71	1054
68	64	1/8	1/8	2/4	1	1	1/16		1/16	1		8	80	1046
68	64	3/16	3/16	2/4	2	1	1/16		1/16	1		4	76	1055
68	64	3/16	3/16	2/4	1	1	1/16		1/16	1		3	81	1047
68	64	1/4	1/4	2/4	2	1	1/16		1/16	1		8	80	1056
68	64	1/4	1/4	2/4	1	1	1/16		1/16	1		5	83	1048
68	64	5/16	5/16	2/4	2	1	1/16		1/16	1		4	76	1057
68	64	5/16	5/16	2/4	1	1	1/16		1/16	1		4	88	1049
68	64	3/8	3/8	2/4	2	1	1/16		1/16	1		3	81	1058
68	64	3/8	3/8	2/4	1	1	1/16		1/16	1		0	84	1050
68	64	7/16	7/16	2/4	2	1	1/16		1/16	1		4	76	1059
68	64	7/16	7/16	2/4	1	1	1/16		1/16	1		4	88	1051
69	65	0	0	2/4	4	1	1/2		1/2	1	-1	4	40	1079
69	65	0	0	2/4	4	1	1/2		1/2	1	-1	5	47	1079
69	65	0	0	2/4	3	1	1/2		1/2	1	-1	8	56	1078
69	65	0	0	2/4	3	1	1/2		1/2	1	0	4	64	1078
69	65	0	0	2/4	2	1	1/16		1/16	1		8	80	1070
69	65	0	0	2/4	1	1	1/16		1/16	1		5	83	1062
69	65	1/16	1/16	2/4	2	1	1/16		1/16	1		4	76	1071
69	65	1/16	1/16	2/4	1	1	1/16		1/16	1		4	88	1063
69	65	1/8	1/8	2/4	2	1	1/16		1/16	1		3	81	1072
69	65	1/8	1/8	2/4	1	1	1/16		1/16	1		0	84	1064
69	65	3/16	3/16	2/4	2	1	1/16		1/16	1		4	76	1073
69	65	3/16	3/16	2/4	1	1	1/16		1/16	1		4	88	1065
69	65	1/4	1/4	2/4	2	1	1/16		1/16	1		8	80	1074
69	65	1/4	1/4	2/4	1	1	1/16		1/16	1		5	83	1066
69	65	5/16	5/16	2/4	2	1	1/16		1/16	1		6	78	1075
69	65	5/16	5/16	2/4	1	1	1/16		1/16	1		5	83	1067
69	65	3/8	3/8	2/4	2	1	1/16		1/16	1		4	76	1076
69	65	3/8	3/8	2/4	1	1	1/16		1/16	1		5	83	1068
69	65	7/16	7/16	2/4	2	1	1/16		1/16	1		6	78	1077
69	65	7/16	7/16	2/4	1	1	1/16		1/16	1		5	83	1069
70	66	0	0	2/4	4	1	1/16		1/16	1		7	37	1097
70	66	0	0	2/4	3	1	1/2		1/2	1	1	1	55	1096
70	66	0	0	2/4	3	1	1/2		1/2	1	0	4	64	1096
70	66	0	0	2/4	2	1	1/16		1/16	1		1	79	1088
70	66	0	0	2/4	1	1	1/16		1/16	1		4	88	1080
70	66	1/16	1/16	2/4	4	1	1/16		1/16	1		4	40	1098
70	66	1/16	1/16	2/4	2	1	1/16		1/16	1		6	78	1089
70	66	1/16	1/16	2/4	1	1	1/16		1/16	1		2	86	1081
70	66	1/8	1/8	2/4	4	1	1/16		1/16	1		3	45	1099
70	66	1/8	1/8	2/4	2	1	1/16		1/16	1		4	76	1090
70	66	1/8	1/8	2/4	1	1	1/16		1/16	1		7	85	1082
70	66	3/16	3/16	2/4	4	1	1/16		1/16	1		4	40	1100
70	66	3/16	3/16	2/4	2	1	1/16		1/16	1		6	78	1091
70	66	3/16	3/16	2/4	1	1	1/16		1/16	1		2	86	1083
70	66	1/4	1/4	2/4	4	1	1/16		1/16	1		7	37	1101
70	66	1/4	1/4	2/4	2	1	1/16		1/16	1		1	79	1092
70	66	1/4	1/4	2/4	1	1	1/16		1/16	1		4	88	1084
70	66	5/16	5/16	2/4	4	1	1/16		1/16	1		4	40	1102
70	66	5/16	5/16	2/4	2	1	1/16		1/16	1		4	76	1093
70	66	5/16	5/16	2/4	1	1	1/16		1/16	1		1	91	1085
70	66	3/8	3/8	2/4	4	1	1/16		1/16	1		2	38	1103
70	66	3/8	3/8	2/4	2	1	1/16		1/16	1		5	83	1094
70	66	3/8	3/8	2/4	1	1	1/16		1/16	1		4	88	1086
70	66	7/16	7/16	2/4	4	1	1/16		1/16	1		4	40	1104
70	66	7/16	7/16	2/4	2	1	1/16		1/16	1		4	76	1095
70	66	7/16	7/16	2/4	1	1	1/16		1/16	1		1	91	1087
71	67	0	0	2/4	4	1	1/16		1/16	1		7	37	1119
71	67	0	0	2/4	3	1	1/2		1/2	1	-1	1	55	1118
71	67	0	0	2/4	3	1	1/2		1/2	1	-1	4	64	1118
71	67	0	0	2/4	2	1	1/16		1/16	1		3	81	1110
71	67	0	0	2/4	1	1	1/16		1/16	1		4	88	1105
71	67	1/16	1/16	2/4	4	1	1/16		1/16	1		4	40	1120
71	67	1/16	1/16	2/4	2	1	1/16		1/16	1		4	76	1111
71	67	1/16	1/16	2/4	1	1	1/16		1/16	1		1	91	1106
71	67	1/8	1/8	2/4	4	1	1/16		1/16	1		2	38	1121
71	67	1/8	1/8	2/4	2	1	1/16		1/16	1		5	83	1112
71	67	1/8	1/8	2/4	1	1	1/16		1/16	1		4	88	1107
71	67	3/16	3/16	2/4	4	1	1/16		1/16	1		4	40	1122
71	67	3/16	3/16	2/4	2	1	1/16		1/16	1		4	76	1113
71	67	3/16	3/16	2/4	1	1	1/16		1/16	1		1	91	1108
71	67	1/4	1/4	2/4	4	1	1/4		1/4	1		7	37	1123
71	67	1/4	1/4	2/4	2	1	1/16		1/16	1		3	81	1114
71	67	1/4	1/4	2/4	1	1	1/8		1/8	1		4	88	1109
71	67	5/16	5/16	2/4	2	1	1/16		1/16	1		4	76	1115
71	67	3/8	3/8	2/4	2	1	1/16		1/16	1		6	78	1116
71	67	7/16	7/16	2/4	2	1	1/16		1/16	1		1	79	1117
72	68	0	0	2/4	4	1	1/2		1/2	1	1	2	38	1135
72	68	0	0	2/4	3	1	1/4		1/4	1		0	60	1133
72	68	0	0	2/4	2	1	1/16		1/16	1		6	78	1128
72	68	1/16	1/16	2/4	2	1	1/16		1/16	1		3	81	1129
72	68	1/8	1/8	2/4	2	1	1/16		1/16	1		6	78	1130
72	68	3/16	3/16	2/4	2	1	1/16		1/16	1		2	74	1131
72	68	1/4	1/4	2/4	3	1	1/4		1/4	1		5	59	1134
72	68	1/4	1/4	2/4	2	1	1/16		1/16	1		1	79	1132
72	68	1/4	1/4	2/4	1	1	1/16		1/16	1		5	83	1124
72	68	5/16	5/16	2/4	1	1	1/16		1/16	1		1	79	1125
72	68	3/8	3/8	2/4	1	1	1/16		1/16	1		2	74	1126
72	68	7/16	7/16	2/4	1	1	1/16		1/16	1		5	71	1127
73	69	0	0	2/4	4	1	1/2		1/2	1	-1	2	38	1148
73	69	0	0	2/4	3	1	1/4		1/4	1		6	54	1146
73	69	0	0	2/4	1	1	1/16		1/16	1		3	69	1136
73	69	0	0	2/4	2	1	1/16		1/16	1		0	72	1141
73	69	1/16	1/16	2/4	2	1	1/16		1/16	1		3	69	1142
73	69	1/8	1/8	2/4	2	1	1/16		1/16	1		6	66	1143
73	69	3/16	3/16	2/4	2	1	1/16		1/16	1		0	60	1144
73	69	1/4	1/4	2/4	3	1	1/4		1/4	1		1	55	1147
73	69	1/4	1/4	2/4	2	1	1/16		1/16	1		5	59	1145
73	69	1/4	1/4	2/4	1	1	1/16		1/16	1		2	62	1137
73	69	5/16	5/16	2/4	1	1	1/16		1/16	1		1	67	1138
73	69	3/8	3/8	2/4	1	1	1/16		1/16	1		5	71	1139
73	69	7/16	7/16	2/4	1	1	1/16		1/16	1		2	74	1140
74	70	0	0	2/4	4	1	1/4		1/4	1		0	48	1160
74	70	0	0	2/4	3	1	1/2		1/2	1	1	2	50	1159
74	70	0	0	2/4	1	1	1/16		1/16	1		2	62	1149
74	70	0	0	2/4	3	1	1/2		1/2	1	1	2	62	1159
74	70	0	0	2/4	2	1	1/16		1/16	1		6	78	1154
74	70	1/16	1/16	2/4	2	1	1/16		1/16	1		3	81	1155
74	70	1/8	1/8	2/4	2	1	1/16		1/16	1		6	78	1156
74	70	3/16	3/16	2/4	2	1	1/16		1/16	1		2	74	1157
74	70	1/4	1/4	2/4	4	1	1/4		1/4	1		5	47	1161
74	70	1/4	1/4	2/4	2	1	1/16		1/16	1		1	79	1158
74	70	1/4	1/4	2/4	1	1	1/16		1/16	1		5	83	1150
74	70	5/16	5/16	2/4	1	1	1/16		1/16	1		1	79	1151
74	70	3/8	3/8	2/4	1	1	1/16		1/16	1		2	74	1152
74	70	7/16	7/16	2/4	1	1	1/16		1/16	1		5	71	1153
75	71	0	0	2/4	4	1	1/4		1/4	1		6	42	1173
75	71	0	0	2/4	3	1	1/2		1/2	1	-1	2	50	1172
75	71	0	0	2/4	3	1	1/2		1/2	1	-1	2	62	1172
75	71	0	0	2/4	1	1	1/16		1/16	1		3	69	1162
75	71	0	0	2/4	2	1	1/16		1/16	1		0	84	1167
75	71	1/16	1/16	2/4	2	1	1/16		1/16	1		3	81	1168
75	71	1/8	1/8	2/4	2	1	1/16		1/16	1		6	78	1169
75	71	3/16	3/16	2/4	2	1	1/16		1/16	1		0	72	1170
75	71	1/4	1/4	2/4	4	1	1/4		1/4	1		1	43	1174
75	71	1/4	1/4	2/4	2	1	1/16		1/16	1		5	71	1171
75	71	1/4	1/4	2/4	1	1	1/16		1/16	1		2	74	1163
75	71	5/16	5/16	2/4	1	1	1/16		1/16	1		5	71	1164
75	71	3/8	3/8	2/4	1	1	1/16		1/16	1		1	67	1165
75	71	7/16	7/16	2/4	1	1	1/16		1/16	1		2	62	1166
76	72	0	0	2/4	4	1	1/2		1/2	1		7	37	1185
76	72	0	0	2/4	4	1	1/2		1/2	1	1	3	45	1185
76	72	0	0	2/4	3	1	1/2		1/2	1		4	52	1184
76	72	0	0	2/4	1	1	1/8		1/8	1		1	55	1175
76	72	0	0	2/4	3	1	1/2		1/2	1		1	55	1184
76	72	0	0	2/4	2	1	1/16		1/16	1		1	79	1176
76	72	1/16	1/16	2/4	2	1	1/16		1/16	1		4	76	1177
76	72	1/8	1/8	2/4	2	1	1/16		1/16	1		7	73	1178
76	72	3/16	3/16	2/4	2	1	1/16		1/16	1		3	69	1179
76	72	1/4	1/4	2/4	2	1	1/16		1/16	1		1	67	1180
76	72	5/16	5/16	2/4	2	1	1/16		1/16	1		4	64	1181
76	72	3/8	3/8	2/4	2	1	1/16		1/16	1		7	61	1182
76	72	7/16	7/16	2/4	2	1	1/16		1/16	1		3	57	1183
77	73	0	0	2/4	4	1	1/2		1/2	1		0	36	1196
77	73	0	0	2/4	4	1	1/2		1/2	1	-1	3	45	1196
77	73	0	0	2/4	3	1	1/2		1/2	1		6	54	1195
77	73	0	0	2/4	1	1	1/16		1/16	1		2	62	1186
77	73	0	0	2/4	2	1	1/8		1/8	1		6	66	1194
77	73	1/16	1/16	2/4	1	1	1/16		1/16	1		3	57	1187
77	73	1/8	1/8	2/4	1	1	1/16		1/16	1		2	62	1188
77	73	3/16	3/16	2/4	1	1	1/16		1/16	1		6	66	1189
77	73	1/4	1/4	2/4	1	1	1/16		1/16	1		3	69	1190
77	73	5/16	5/16	2/4	1	1	1/16		1/16	1		2	74	1191
77	73	3/8	3/8	2/4	1	1	1/16		1/16	1		6	78	1192
77	73	7/16	7/16	2/4	1	1	1/16		1/16	1		3	81	1193
78	74	0	0	2/4	4	1	1/8		1/8	1		5	47	1209
78	74	0	0	2/4	3	1	1/8		1/8	1		1	55	1205
78	74	0	0	2/4	1	1	1/8		1/8	1		2	86	1197
78	74	1/16	1/16	2/4	2	1	1/16		1/16	1		1	67	1198
78	74	1/8	1/8	2/4	4	1	1/8		1/8	1		4	52	1210
78	74	1/8	1/8	2/4	3	1	1/8		1/8	1		1	55	1206
78	74	1/8	1/8	2/4	2	1	1/16		1/16	1		3	69	1199
78	74	3/16	3/16	2/4	2	1	1/16		1/16	1		5	71	1200
78	74	1/4	1/4	2/4	4	1	1/8		1/8	1		0	48	1211
78	74	1/4	1/4	2/4	3	1	1/8		1/8	1		3	57	1207
78	74	1/4	1/4	2/4	2	1	1/16		1/16	1		0	72	1201
78	74	5/16	5/16	2/4	2	1	1/16		1/16	1		2	74	1202
78	74	3/8	3/8	2/4	4	1	1/8		1/8	1		2	50	1212
78	74	3/8	3/8	2/4	3	1	1/8		1/8	1		0	60	1208
78	74	3/8	3/8	2/4	2	1	1/16		1/16	1		4	76	1203
78	74	7/16	7/16	2/4	2	1	1/16		1/16	1		6	78	1204
79	75	0	0	2/4	4	1	1/2		1/2	1	1	1	43	1230
79	75	0	0	2/4	4	1	1/2		1/2	1	1	2	50	1230
79	75	0	0	2/4	3	1	1/2		1/2	1	1	5	59	1229
79	75	0	0	2/4	2	1	1/16		1/16	1		1	79	1221
79	75	0	0	2/4	1	1	1/16		1/16	1		2	86	1213
79	75	1/16	1/16	2/4	2	1	1/16		1/16	1		3	81	1222
79	75	1/16	1/16	2/4	1	1	1/16		1/16	1		0	84	1214
79	75	1/8	1/8	2/4	2	1	1/16		1/16	1		1	79	1223
79	75	1/8	1/8	2/4	1	1	1/16		1/16	1		5	83	1215
79	75	3/16	3/16	2/4	2	1	1/16		1/16	1		3	81	1224
79	75	3/16	3/16	2/4	1	1	1/16		1/16	1		0	84	1216
79	75	1/4	1/4	2/4	2	1	1/16		1/16	1		5	83	1225
79	75	1/4	1/4	2/4	1	1	1/16		1/16	1		2	86	1217
79	75	5/16	5/16	2/4	2	1	1/16		1/16	1		3	81	1226
79	75	5/16	5/16	2/4	1	1	1/16		1/16	1		0	84	1218
79	75	3/8	3/8	2/4	2	1	1/16		1/16	1		1	79	1227
79	75	3/8	3/8	2/4	1	1	1/16		1/16	1		5	83	1219
79	75	7/16	7/16	2/4	2	1	1/16		1/16	1		2	74	1228
79	75	7/16	7/16	2/4	1	1	1/16		1/16	1		3	81	1220
83	78	0	0	2/4	4	1	1/2		1/2	1	1	1	43	1290
83	78	0	0	2/4	4	1	1/2		1/2	1	1	2	50	1290
83	78	0	0	2/4	3	1	1/4		1/4	1		5	59	1289
83	78	0	0	2/4	2	1	1/16		1/16	1		5	71	1281
83	78	0	0	2/4	1	1	1/16		1/16	1		1	79	1273
83	78	1/16	1/16	2/4	2	1	1/16		1/16	1		2	74	1282
83	78	1/16	1/16	2/4	1	1	1/16		1/16	1		3	81	1274
83	78	1/8	1/8	2/4	2	1	1/16		1/16	1		1	79	1283
83	78	1/8	1/8	2/4	1	1	1/16		1/16	1		5	83	1275
83	78	3/16	3/16	2/4	2	1	1/16		1/16	1		2	74	1284
83	78	3/16	3/16	2/4	1	1	1/16		1/16	1		3	81	1276
83	78	1/4	1/4	2/4	2	1	1/16		1/16	1		5	71	1285
83	78	1/4	1/4	2/4	1	1	1/16		1/16	1		1	79	1277
83	78	5/16	5/16	2/4	2	1	1/16		1/16	1		3	69	1286
83	78	5/16	5/16	2/4	1	1	1/16		1/16	1		2	74	1278
83	78	3/8	3/8	2/4	2	1	1/16		1/16	1		1	67	1287
83	78	3/8	3/8	2/4	1	1	1/16		1/16	1		5	71	1279
83	78	7/16	7/16	2/4	2	1	1/16		1/16	1		3	69	1288
83	78	7/16	7/16	2/4	1	1	1/16		1/16	1		2	74	1280
84	78	0	0	2/4	4	1	1/2		1/2	1	0	1	43	1312
84	78	0	0	2/4	4	1	1/2		1/2	1	0	2	50	1312
84	78	0	0	2/4	2	1	1/16		1/16	1		5	71	1296
84	78	0	0	2/4	3	1	1/16		1/16	1		2	74	1304
84	78	0	0	2/4	1	1	1/16		1/16	1		1	79	1291
84	78	1/16	1/16	2/4	2	1	1/16		1/16	1		3	69	1297
84	78	1/16	1/16	2/4	3	1	1/16		1/16	1		0	72	1305
84	78	1/16	1/16	2/4	1	1	1/16		1/16	1		2	74	1292
84	78	1/8	1/8	2/4	2	1	1/16		1/16	1		1	67	1298
84	78	1/8	1/8	2/4	1	1	1/16		1/16	1		5	71	1293
84	78	1/8	1/8	2/4	3	1	1/16		1/16	1		5	71	1306
84	78	3/16	3/16	2/4	2	1	1/16		1/16	1		2	62	1299
84	78	3/16	3/16	2/4	1	1	1/16		1/16	1		3	69	1294
84	78	3/16	3/16	2/4	3	1	1/16		1/16	1		0	72	1307
84	78	1/4	1/4	2/4	2	1	1/16		1/16	1		5	59	1300
84	78	1/4	1/4	2/4	1	1	1/8		1/8	1		1	67	1295
84	78	1/4	1/4	2/4	3	1	1/16		1/16	1		2	74	1308
84	78	5/16	5/16	2/4	2	1	1/16		1/16	1		2	62	1301
84	78	5/16	5/16	2/4	3	1	1/16		1/16	1		0	72	1309
84	78	3/8	3/8	2/4	2	1	1/16		1/16	1		1	67	1302
84	78	3/8	3/8	2/4	3	1	1/16		1/16	1		5	71	1310
84	78	7/16	7/16	2/4	2	1	1/16		1/16	1		2	62	1303
84	78	7/16	7/16	2/4	3	1	1/16		1/16	1		3	69	1311
85	79	0	0	2/4	4	1	1/4		1/4	1	-1	1	43	1331
85	79	0	0	2/4	4	1	1/4		1/4	1	-1	2	50	1331
85	79	0	0	2/4	1	1	1/16		1/16	1		5	59	1313
85	79	0	0	2/4	2	1	1/8		1/8	1		5	59	1318
85	79	0	0	2/4	3	1	1/16		1/16	1		1	67	1323
85	79	1/16	1/16	2/4	1	1	1/16		1/16	1		2	62	1314
85	79	1/16	1/16	2/4	3	1	1/16		1/16	1		3	69	1324
85	79	1/8	1/8	2/4	1	1	1/16		1/16	1		1	67	1315
85	79	1/8	1/8	2/4	3	1	1/16		1/16	1		5	71	1325
85	79	3/16	3/16	2/4	1	1	1/16		1/16	1		2	62	1316
85	79	3/16	3/16	2/4	3	1	1/16		1/16	1		3	69	1326
85	79	1/4	1/4	2/4	2	1	1/16		1/16	1		5	59	1319
85	79	1/4	1/4	2/4	1	1	1/8		1/8	1		5	59	1317
85	79	1/4	1/4	2/4	3	1	1/16		1/16	1		1	67	1327
85	79	5/16	5/16	2/4	2	1	1/16		1/16	1		3	57	1320
85	79	5/16	5/16	2/4	3	1	1/16		1/16	1		2	62	1328
85	79	3/8	3/8	2/4	2	1	1/16		1/16	1		1	55	1321
85	79	3/8	3/8	2/4	3	1	1/16		1/16	1		5	59	1329
85	79	7/16	7/16	2/4	2	1	1/16		1/16	1		3	57	1322
85	79	7/16	7/16	2/4	3	1	1/16		1/16	1		2	62	1330
86	80	0	0	2/4	3	1	1/16		1/16	1		5	59	1333
86	80	0	0	2/4	2	1	1/8		1/8	1		5	59	1332
86	80	0	0	2/4	4	1	1/16		1/16	1		2	62	1341
86	80	1/16	1/16	2/4	3	1	1/16		1/16	1		3	57	1334
86	80	1/16	1/16	2/4	4	1	1/16		1/16	1		0	60	1342
86	80	1/8	1/8	2/4	3	1	1/16		1/16	1		1	55	1335
86	80	1/8	1/8	2/4	4	1	1/16		1/16	1		5	59	1343
86	80	3/16	3/16	2/4	3	1	1/16		1/16	1		3	57	1336
86	80	3/16	3/16	2/4	4	1	1/16		1/16	1		0	60	1344
86	80	1/4	1/4	2/4	3	1	1/16		1/16	1		5	59	1337
86	80	1/4	1/4	2/4	4	1	1/16		1/16	1		2	62	1345
86	80	5/16	5/16	2/4	3	1	1/16		1/16	1		3	57	1338
86	80	5/16	5/16	2/4	4	1	1/16		1/16	1		0	60	1346
86	80	3/8	3/8	2/4	3	1	1/16		1/16	1		1	55	1339
86	80	3/8	3/8	2/4	4	1	1/16		1/16	1		5	59	1347
86	80	7/16	7/16	2/4	3	1	1/16		1/16	1		2	50	1340
86	80	7/16	7/16	2/4	4	1	1/16		1/16	1		3	57	1348
87	81	0	0	2/4	4	1	1/16		1/16	1		1	55	1354
87	81	0	0	2/4	3	1	1/16		1/16	1		5	59	1349
87	81	1/16	1/16	2/4	4	1	1/16		1/16	1		3	57	1355
87	81	1/16	1/16	2/4	3	1	1/16		1/16	1		0	60	1350
87	81	1/8	1/8	2/4	4	1	1/16		1/16	1		5	59	1356
87	81	1/8	1/8	2/4	3	1	1/16		1/16	1		2	62	1351
87	81	3/16	3/16	2/4	4	1	1/16		1/16	1		3	57	1357
87	81	3/16	3/16	2/4	3	1	1/16		1/16	1		0	60	1352
87	81	1/4	1/4	2/4	4	1	1/16		1/16	1		1	55	1358
87	81	1/4	1/4	2/4	3	1	1/8		1/8	1		5	59	1353
87	81	5/16	5/16	2/4	4	1	1/16		1/16	1		2	50	1359
87	81	3/8	3/8	2/4	4	1	1/16		1/16	1		5	47	1360
87	81	7/16	7/16	2/4	4	1	1/16		1/16	1		2	50	1361
88	82	0	0	2/4	4	1	1/8		1/8	1		1	43	1367
88	82	1/8	1/8	2/4	1	1	1/8		1/8	1		2	62	1362
88	82	1/8	1/8	2/4	2	1	1/8		1/8	1		2	62	1364
88	82	1/4	1/4	2/4	1	1	1/8		1/8	1		1	67	1363
88	82	1/4	1/4	2/4	2	1	1/8		1/8	1		1	67	1365
88	82	3/8	3/8	2/4	4	1	1/16		1/16	1		0	36	1368
88	82	3/8	3/8	2/4	3	1	1/8		1/8	1		-3	51	1366
88	82	3/8	3/8	2/4	3	1	1/8		1/8	1	1	1	55	1366
88	82	7/16	7/16	2/4	4	1	1/16		1/16	1		1	43	1369
89	83	0	0	2/4	4	1	1/16		1/16	1		5	47	1375
89	83	0	0	2/4	3	2	1/8		1/8	1		2	50	1371
89	83	0	0	2/4	3	1	1/2		1/2	1	0	1	55	1370
89	83	1/16	1/16	2/4	4	1	1/16		1/16	1		1	43	1376
89	83	1/8	1/8	2/4	4	1	1/16		1/16	1		0	48	1377
89	83	1/8	1/8	2/4	3	2	1/8		1/8	1		-3	51	1372
89	83	3/16	3/16	2/4	4	1	1/16		1/16	1		1	43	1378
89	83	1/4	1/4	2/4	4	1	1/16		1/16	1		5	47	1379
89	83	1/4	1/4	2/4	3	2	1/8		1/8	1		2	50	1373
89	83	5/16	5/16	2/4	4	1	1/16		1/16	1		1	43	1380
89	83	3/8	3/8	2/4	4	1	1/16		1/16	1		0	48	1381
89	83	3/8	3/8	2/4	3	2	1/8		1/8	1		-3	51	1374
89	83	7/16	7/16	2/4	4	1	1/16		1/16	1		1	43	1382
90	84	0	0	2/4	4	1	1/4		1/4	1		5	47	1389
90	84	0	0	2/4	3	1	1/4		1/4	1		2	50	1387
90	84	0	0	2/4	3	1	1/4		1/4	1	-1	1	55	1387
90	84	1/8	1/8	2/4	1	1	1/8		1/8	1		2	62	1383
90	84	1/8	1/8	2/4	2	1	1/8		1/8	1		2	62	1385
90	84	1/4	1/4	2/4	1	1	1/8		1/8	1		1	67	1384
90	84	1/4	1/4	2/4	2	1	1/8		1/8	1		1	67	1386
90	84	3/8	3/8	2/4	4	1	1/8		1/8	1		2	38	1390
90	84	3/8	3/8	2/4	3	1	1/8		1/8	1		2	50	1388
91	85	0	0	2/4	4	1	1/8		1/8	1		1	43	1395
91	85	0	0	2/4	3	1	1/8		1/8	1		1	55	1391
91	85	1/8	1/8	2/4	4	1	1/8		1/8	1		2	38	1396
91	85	1/8	1/8	2/4	3	1	1/8		1/8	1		2	50	1392
91	85	1/4	1/4	2/4	4	1	1/8		1/8	1		1	43	1397
91	85	1/4	1/4	2/4	3	1	1/8		1/8	1		1	55	1393
91	85	3/8	3/8	2/4	4	1	1/8		1/8	1		2	38	1398
91	85	3/8	3/8	2/4	3	1	1/8		1/8	1		2	50	1394
92	86	0	0	2/4	4	1	1/4		1/4	1		1	43	1407
92	86	0	0	2/4	3	1	1/4		1/4	1		1	55	1405
92	86	1/8	1/8	2/4	1	1	1/8		1/8	1		2	62	1399
92	86	1/8	1/8	2/4	2	1	1/8		1/8	1		2	62	1402
92	86	1/4	1/4	2/4	1	1	1/8		1/8	1		1	67	1400
92	86	1/4	1/4	2/4	2	1	1/8		1/8	1		1	67	1403
92	86	3/8	3/8	2/4	4	1	1/8		1/8	1		2	38	1408
92	86	3/8	3/8	2/4	3	1	1/8		1/8	1		2	50	1406
92	86	3/8	3/8	2/4	1	1	1/8		1/8	1		2	62	1401
92	86	3/8	3/8	2/4	2	1	1/8		1/8	1		2	62	1404
93	87	0	0	2/4	4	1	1/8		1/8	1		1	43	1421
93	87	0	0	2/4	3	1	1/8		1/8	1		1	55	1417
93	87	0	0	2/4	1	1	1/8		1/8	1		1	67	1409
93	87	0	0	2/4	2	1	1/8		1/8	1		1	67	1413
93	87	1/8	1/8	2/4	4	1	1/8		1/8	1		6	42	1422
93	87	1/8	1/8	2/4	3	1	1/8		1/8	1		6	54	1418
93	87	1/8	1/8	2/4	1	1	1/8		1/8	1		6	66	1410
93	87	1/8	1/8	2/4	2	1	1/8		1/8	1		6	66	1414
93	87	1/4	1/4	2/4	4	1	1/8		1/8	1		0	48	1423
93	87	1/4	1/4	2/4	3	1	1/8		1/8	1		0	60	1419
93	87	1/4	1/4	2/4	1	1	1/8		1/8	1		0	72	1411
93	87	1/4	1/4	2/4	2	1	1/8		1/8	1		0	72	1415
93	87	3/8	3/8	2/4	4	1	1/8		1/8	1		-2	46	1424
93	87	3/8	3/8	2/4	3	1	1/8		1/8	1		-2	58	1420
93	87	3/8	3/8	2/4	1	1	1/8		1/8	1		-2	70	1412
93	87	3/8	3/8	2/4	2	1	1/8		1/8	1		-2	70	1416
94	88	0	0	2/4	4	1	1/8		1/8	1		-3	51	1437
94	88	0	0	2/4	3	1	1/8		1/8	1		-3	63	1433
94	88	0	0	2/4	1	1	1/8		1/8	1		-3	75	1425
94	88	0	0	2/4	2	1	1/8		1/8	1		-3	75	1429
94	88	1/8	1/8	2/4	4	1	1/8		1/8	1		2	50	1438
94	88	1/8	1/8	2/4	3	1	1/8		1/8	1		2	62	1434
94	88	1/8	1/8	2/4	1	1	1/8		1/8	1		2	74	1426
94	88	1/8	1/8	2/4	2	1	1/8		1/8	1		2	74	1430
94	88	1/4	1/4	2/4	4	1	1/8		1/8	1		3	45	1439
94	88	1/4	1/4	2/4	3	1	1/8		1/8	1		3	57	1435
94	88	1/4	1/4	2/4	1	1	1/8		1/8	1		3	69	1427
94	88	1/4	1/4	2/4	2	1	1/8		1/8	1		3	69	1431
94	88	3/8	3/8	2/4	4	1	1/8		1/8	1		-2	46	1440
94	88	3/8	3/8	2/4	3	1	1/8		1/8	1		-2	58	1436
94	88	3/8	3/8	2/4	1	1	1/8		1/8	1		-2	70	1428
94	88	3/8	3/8	2/4	2	1	1/8		1/8	1		-2	70	1432
95	89	0	0	2/4	4	1	1/8		1/8	1		1	43	1453
95	89	0	0	2/4	3	1	1/8		1/8	1		1	55	1449
95	89	0	0	2/4	1	1	1/8		1/8	1		1	67	1441
95	89	0	0	2/4	2	1	1/8		1/8	1		1	67	1445
95	89	1/8	1/8	2/4	4	1	1/8		1/8	1		-3	39	1454
95	89	1/8	1/8	2/4	3	1	1/8		1/8	1		-3	51	1450
95	89	1/8	1/8	2/4	1	1	1/8		1/8	1		-3	63	1442
95	89	1/8	1/8	2/4	2	1	1/8		1/8	1		-3	63	1446
95	89	1/4	1/4	2/4	4	1	1/8		1/8	1		2	38	1455
95	89	1/4	1/4	2/4	3	1	1/8		1/8	1		2	50	1451
95	89	1/4	1/4	2/4	1	1	1/8		1/8	1		2	62	1443
95	89	1/4	1/4	2/4	2	1	1/8		1/8	1		2	62	1447
95	89	3/8	3/8	2/4	4	1	1/8		1/8	1		1	43	1456
95	89	3/8	3/8	2/4	3	1	1/8		1/8	1		1	55	1452
95	89	3/8	3/8	2/4	1	1	1/8		1/8	1		1	67	1444
95	89	3/8	3/8	2/4	2	1	1/8		1/8	1		1	67	1448
96	90	0	0	2/4	4	1	1/4		1/4	1		0	36	1462
96	90	0	0	2/4	3	1	1/4		1/4	1		0	48	1461
96	90	0	0	2/4	1	1	1/4		1/4	1		0	60	1457
96	90	0	0	2/4	2	1	1/4		1/4	1		0	60	1459
96	90	3/8	3/8	2/4	4	1	1/8		1/8	1		1	43	1463
96	90	3/8	3/8	2/4	1	1	1/8		1/8	1		1	55	1458
96	90	3/8	3/8	2/4	2	1	1/8		1/8	1		1	55	1460
97	91	0	0	2/4	4	1	1/8		1/8	1		0	48	1472
97	91	0	0	2/4	1	1	1/8		1/8	1		0	60	1464
97	91	0	0	2/4	2	1	1/8		1/8	1		0	60	1468
97	91	1/8	1/8	2/4	4	1	1/8		1/8	1		5	47	1473
97	91	1/8	1/8	2/4	1	1	1/8		1/8	1		5	59	1465
97	91	1/8	1/8	2/4	2	1	1/8		1/8	1		5	59	1469
97	91	1/4	1/4	2/4	4	1	1/8		1/8	1		2	50	1474
97	91	1/4	1/4	2/4	1	1	1/8		1/8	1		2	62	1466
97	91	1/4	1/4	2/4	2	1	1/8		1/8	1		2	62	1470
97	91	3/8	3/8	2/4	4	1	1/8		1/8	1		0	48	1475
97	91	3/8	3/8	2/4	1	1	1/8		1/8	1		0	60	1467
97	91	3/8	3/8	2/4	2	1	1/8		1/8	1		0	60	1471
98	92	0	0	2/4	4	1	1/8		1/8	1		-4	56	1484
98	92	0	0	2/4	1	1	1/8		1/8	1		-4	68	1476
98	92	0	0	2/4	2	1	1/8		1/8	1		-4	68	1480
98	92	1/8	1/8	2/4	4	1	1/8		1/8	1		1	55	1485
98	92	1/8	1/8	2/4	1	1	1/8		1/8	1		1	67	1477
98	92	1/8	1/8	2/4	2	1	1/8		1/8	1		1	67	1481
98	92	1/4	1/4	2/4	4	1	1/8		1/8	1		2	50	1486
98	92	1/4	1/4	2/4	1	1	1/8		1/8	1		2	62	1478
98	92	1/4	1/4	2/4	2	1	1/8		1/8	1		2	62	1482
98	92	3/8	3/8	2/4	4	1	1/8		1/8	1		-1	53	1487
98	92	3/8	3/8	2/4	1	1	1/8		1/8	1		-1	65	1479
98	92	3/8	3/8	2/4	2	1	1/8		1/8	1		-1	65	1483
99	93	0	0	2/4	4	1	1/8		1/8	1		-3	51	1496
99	93	0	0	2/4	1	1	1/8		1/8	1		-3	63	1488
99	93	0	0	2/4	2	1	1/8		1/8	1		-3	63	1492
99	93	1/8	1/8	2/4	4	1	1/8		1/8	1		5	47	1497
99	93	1/8	1/8	2/4	1	1	1/8		1/8	1		5	59	1489
99	93	1/8	1/8	2/4	2	1	1/8		1/8	1		5	59	1493
99	93	1/4	1/4	2/4	4	1	1/8		1/8	1		0	48	1498
99	93	1/4	1/4	2/4	1	1	1/8		1/8	1		0	60	1490
99	93	1/4	1/4	2/4	2	1	1/8		1/8	1		0	60	1494
99	93	3/8	3/8	2/4	4	1	1/8		1/8	1		0	48	1499
99	93	3/8	3/8	2/4	2	1	1/8		1/8	1		1	55	1495
99	93	3/8	3/8	2/4	1	1	1/8		1/8	1		-3	63	1491
100	94	0	0	2/4	4	1	1/8		1/8	1		6	42	1508
100	94	0	0	2/4	2	1	1/8		1/8	1		3	57	1504
100	94	0	0	2/4	1	1	1/8		1/8	1		2	62	1500
100	94	1/8	1/8	2/4	4	1	1/8		1/8	1		0	48	1509
100	94	1/8	1/8	2/4	2	1	1/8		1/8	1		1	55	1505
100	94	1/8	1/8	2/4	1	1	1/8		1/8	1		-3	63	1501
100	94	1/4	1/4	2/4	4	1	1/8		1/8	1		6	42	1510
100	94	1/4	1/4	2/4	2	1	1/8		1/8	1		3	57	1506
100	94	1/4	1/4	2/4	1	1	1/8		1/8	1		2	62	1502
100	94	3/8	3/8	2/4	4	1	1/8		1/8	1		0	48	1511
100	94	3/8	3/8	2/4	2	1	1/8		1/8	1		1	55	1507
100	94	3/8	3/8	2/4	1	1	1/8		1/8	1		-3	63	1503
101	95	0	0	2/4	4	1	1/4		1/4	1		6	42	1518
101	95	0	0	2/4	2	1	1/4		1/4	1		3	57	1514
101	95	0	0	2/4	1	1	1/4		1/4	1		2	62	1512
101	95	1/8	1/8	2/4	3	1	1/8		1/8	1		3	57	1516
101	95	1/4	1/4	2/4	3	1	1/8		1/8	1		2	62	1517
101	95	3/8	3/8	2/4	4	1	1/8		1/8	1		0	48	1519
101	95	3/8	3/8	2/4	2	1	1/8		1/8	1		1	55	1515
101	95	3/8	3/8	2/4	1	1	1/8		1/8	1		-3	63	1513
102	96	0	0	2/4	4	1	1/8		1/8	1		6	42	1528
102	96	0	0	2/4	2	1	1/8		1/8	1		3	57	1524
102	96	0	0	2/4	1	1	1/8		1/8	1		2	62	1520
102	96	1/8	1/8	2/4	4	1	1/8		1/8	1		0	48	1529
102	96	1/8	1/8	2/4	2	1	1/8		1/8	1		1	55	1525
102	96	1/8	1/8	2/4	1	1	1/8		1/8	1		-3	63	1521
102	96	1/4	1/4	2/4	4	1	1/8		1/8	1		6	42	1530
102	96	1/4	1/4	2/4	2	1	1/8		1/8	1		3	57	1526
102	96	1/4	1/4	2/4	1	1	1/8		1/8	1		2	62	1522
102	96	3/8	3/8	2/4	4	1	1/8		1/8	1		0	48	1531
102	96	3/8	3/8	2/4	2	1	1/8		1/8	1		1	55	1527
102	96	3/8	3/8	2/4	1	1	1/8		1/8	1		-3	63	1523
103	97	0	0	2/4	4	1	1/4		1/4	1		6	42	1538
103	97	0	0	2/4	2	1	1/4		1/4	1		3	57	1534
103	97	0	0	2/4	1	1	1/4		1/4	1		2	62	1532
103	97	1/8	1/8	2/4	3	1	1/8		1/8	1		3	57	1536
103	97	1/4	1/4	2/4	3	1	1/8		1/8	1		2	62	1537
103	97	3/8	3/8	2/4	2	1	1/8		1/8	1		0	60	1535
103	97	3/8	3/8	2/4	1	1	1/8		1/8	1		2	62	1533
104	98	0	0	2/4	4	1	1/4		1/4	1		1	43	1551
104	98	0	0	2/4	4	1	1/4		1/4	1		1	55	1551
104	98	0	0	2/4	2	1	1/8		1/8	1		-2	58	1543
104	98	0	0	2/4	3	1	1/8		1/8	1		2	62	1547
104	98	0	0	2/4	1	1	1/8		1/8	1		1	67	1539
104	98	1/8	1/8	2/4	3	1	1/8		1/8	1		2	62	1548
104	98	1/8	1/8	2/4	2	1	1/8		1/8	1		6	66	1544
104	98	1/8	1/8	2/4	1	1	1/8		1/8	1		3	69	1540
104	98	1/4	1/4	2/4	3	1	1/8		1/8	1		2	62	1549
104	98	1/4	1/4	2/4	2	1	1/8		1/8	1		1	67	1545
104	98	1/4	1/4	2/4	1	1	1/8		1/8	1		-2	70	1541
104	98	3/8	3/8	2/4	3	1	1/8		1/8	1		2	62	1550
104	98	3/8	3/8	2/4	2	1	1/8		1/8	1		3	69	1546
104	98	3/8	3/8	2/4	1	1	1/8		1/8	1		0	72	1542
105	99	0	0	2/4	3	1	1/8		1/8	1		2	62	1560
105	99	0	0	2/4	2	1	3/16		1/8	3/2		-2	70	1556
105	99	0	0	2/4	1	1	3/16		1/8	3/2		2	74	1552
105	99	1/8	1/8	2/4	3	1	1/8		1/8	1		2	62	1561
105	99	3/16	3/16	2/4	2	1	1/16		1/16	1		0	72	1557
105	99	3/16	3/16	2/4	1	1	1/16		1/16	1		-3	75	1553
105	99	1/4	1/4	2/4	3	1	1/8		1/8	1		2	62	1562
105	99	1/4	1/4	2/4	2	1	1/8		1/8	1		-2	70	1558
105	99	1/4	1/4	2/4	1	1	1/8		1/8	1		2	74	1554
105	99	3/8	3/8	2/4	4	1	1/8		1/8	1		-2	46	1564
105	99	3/8	3/8	2/4	3	1	1/8		1/8	1		2	62	1563
105	99	3/8	3/8	2/4	2	1	1/8		1/8	1		1	67	1559
105	99	3/8	3/8	2/4	1	1	1/8		1/8	1		-2	70	1555
106	100	0	0	2/4	4	1	1/8		1/8	1		0	48	1577
106	100	0	0	2/4	3	1	1/8		1/8	1		-3	63	1573
106	100	0	0	2/4	2	1	1/8		1/8	1		1	67	1569
106	100	0	0	2/4	1	1	1/8		1/8	1		3	69	1565
106	100	1/8	1/8	2/4	4	1	1/8		1/8	1		-2	46	1578
106	100	1/8	1/8	2/4	3	1	1/8		1/8	1		2	62	1574
106	100	1/8	1/8	2/4	2	1	1/8		1/8	1		1	67	1570
106	100	1/8	1/8	2/4	1	1	1/8		1/8	1		-2	70	1566
106	100	1/4	1/4	2/4	4	1	1/8		1/8	1		0	48	1579
106	100	1/4	1/4	2/4	3	1	1/8		1/8	1		-3	63	1575
106	100	1/4	1/4	2/4	2	1	1/8		1/8	1		1	67	1571
106	100	1/4	1/4	2/4	1	1	1/8		1/8	1		3	69	1567
106	100	3/8	3/8	2/4	4	1	1/8		1/8	1		2	50	1580
106	100	3/8	3/8	2/4	3	1	1/8		1/8	1		2	62	1576
106	100	3/8	3/8	2/4	2	1	1/8		1/8	1		6	66	1572
106	100	3/8	3/8	2/4	1	1	1/8		1/8	1		2	74	1568
107	101	0	0	2/4	4	1	1/4		1/4	1		1	43	1595
107	101	0	0	2/4	3	1	1/8		1/8	1		2	62	1592
107	101	0	0	2/4	2	1	1/8		1/8	1		1	67	1586
107	101	0	0	2/4	1	1	1/8		1/8	1		-2	70	1581
107	101	1/8	1/8	2/4	3	1	1/8		1/8	1		-3	63	1593
107	101	1/8	1/8	2/4	2	1	1/16		1/16	1		3	69	1587
107	101	1/8	1/8	2/4	1	1	1/16		1/16	1		0	72	1582
107	101	3/16	3/16	2/4	2	1	1/16		1/16	1		6	66	1588
107	101	3/16	3/16	2/4	1	1	1/16		1/16	1		3	69	1583
107	101	1/4	1/4	2/4	3	1	1/8		1/8	1		2	62	1594
107	101	1/4	1/4	2/4	2	1	1/8		1/8	1		1	67	1589
107	101	1/4	1/4	2/4	1	1	1/8		1/8	1		-2	70	1584
107	101	3/8	3/8	2/4	4	1	1/8		1/8	1		2	50	1596
107	101	3/8	3/8	2/4	2	1	1/16		1/16	1		0	60	1590
107	101	3/8	3/8	2/4	1	1	1/8		1/8	1		2	62	1585
107	101	7/16	7/16	2/4	2	1	1/16		1/16	1		2	62	1591
108	102	0	0	2/4	4	1	1/4		1/4	1		1	43	1609
108	102	0	0	2/4	2	1	1/8		1/8	1		-2	58	1601
108	102	0	0	2/4	3	1	1/8		1/8	1		2	62	1605
108	102	0	0	2/4	1	1	1/8		1/8	1		1	67	1597
108	102	1/8	1/8	2/4	3	1	1/8		1/8	1		2	62	1606
108	102	1/8	1/8	2/4	2	1	1/8		1/8	1		6	66	1602
108	102	1/8	1/8	2/4	1	1	1/8		1/8	1		3	69	1598
108	102	1/4	1/4	2/4	3	1	1/8		1/8	1		2	62	1607
108	102	1/4	1/4	2/4	2	1	1/8		1/8	1		1	67	1603
108	102	1/4	1/4	2/4	1	1	1/8		1/8	1		-2	70	1599
108	102	3/8	3/8	2/4	3	1	1/8		1/8	1		2	62	1608
108	102	3/8	3/8	2/4	2	1	1/8		1/8	1		3	69	1604
108	102	3/8	3/8	2/4	1	1	1/8		1/8	1		0	72	1600
109	103	0	0	2/4	3	1	1/8		1/8	1		2	62	1618
109	103	0	0	2/4	2	1	3/16		1/8	3/2		-2	70	1614
109	103	0	0	2/4	1	1	3/16		1/8	3/2		2	74	1610
109	103	1/8	1/8	2/4	4	1	1/8		1/8	1		1	43	1621
109	103	1/8	1/8	2/4	3	1	1/8		1/8	1		2	62	1619
109	103	3/16	3/16	2/4	2	1	1/16		1/16	1		0	72	1615
109	103	3/16	3/16	2/4	1	1	1/16		1/16	1		-3	75	1611
109	103	1/4	1/4	2/4	4	1	1/8		1/8	1		-2	46	1622
109	103	1/4	1/4	2/4	3	1	1/8		1/8	1		2	62	1620
109	103	1/4	1/4	2/4	2	1	1/8		1/8	1		-2	70	1616
109	103	1/4	1/4	2/4	1	1	1/8		1/8	1		2	74	1612
109	103	3/8	3/8	2/4	4	1	1/8		1/8	1		1	43	1623
109	103	3/8	3/8	2/4	2	1	1/8		1/8	1		1	79	1617
109	103	3/8	3/8	2/4	1	1	1/8		1/8	1		-2	82	1613
110	104	0	0	2/4	4	1	1/4		1/4	1		2	38	1635
110	104	0	0	2/4	3	1	1/2		1/2	1	1	3	69	1634
110	104	0	0	2/4	2	1	1/8		1/8	1		-1	77	1629
110	104	0	0	2/4	1	1	1/8		1/8	1		3	81	1624
110	104	1/8	1/8	2/4	2	1	1/16		1/16	1		4	76	1630
110	104	1/8	1/8	2/4	1	1	1/16		1/16	1		1	79	1625
110	104	3/16	3/16	2/4	2	1	1/16		1/16	1		2	74	1631
110	104	3/16	3/16	2/4	1	1	1/16		1/16	1		-1	77	1626
110	104	1/4	1/4	2/4	2	1	1/8		1/8	1		4	76	1632
110	104	1/4	1/4	2/4	1	1	1/8		1/8	1		1	79	1627
110	104	3/8	3/8	2/4	2	1	1/8		1/8	1		7	73	1633
110	104	3/8	3/8	2/4	1	1	1/8		1/8	1		4	76	1628
111	105	0	0	2/4	4	1	1/4		1/4	1		2	38	1648
111	105	0	0	2/4	2	1	1/8		1/8	1		3	69	1641
111	105	0	0	2/4	3	1	3/8		1/4	3/2	-1	3	69	1646
111	105	0	0	2/4	1	1	1/8		1/8	1		-1	77	1636
111	105	1/8	1/8	2/4	2	1	1/16		1/16	1		1	67	1642
111	105	1/8	1/8	2/4	1	1	1/16		1/16	1		4	76	1637
111	105	3/16	3/16	2/4	2	1	1/16		1/16	1		-1	65	1643
111	105	3/16	3/16	2/4	1	1	1/16		1/16	1		2	74	1638
111	105	1/4	1/4	2/4	2	1	1/8		1/8	1		1	67	1644
111	105	1/4	1/4	2/4	1	1	1/8		1/8	1		4	76	1639
111	105	3/8	3/8	2/4	2	1	1/8		1/8	1		4	64	1645
111	105	3/8	3/8	2/4	3	1	1/8		1/8	1		-2	70	1647
111	105	3/8	3/8	2/4	1	1	1/8		1/8	1		7	73	1640
112	106	0	0	2/4	4	1	1/4		1/4	1		2	38	1663
112	106	0	0	2/4	2	1	1/8		1/8	1		-1	65	1653
112	106	0	0	2/4	3	1	1/8		1/8	1		3	69	1658
112	106	0	0	2/4	1	1	1/8		1/8	1		2	74	1649
112	106	1/8	1/8	2/4	2	1	1/16		1/16	1		4	64	1654
112	106	1/8	1/8	2/4	3	1	1/16		1/16	1		1	67	1659
112	106	1/8	1/8	2/4	1	1	1/8		1/8	1		3	69	1650
112	106	3/16	3/16	2/4	2	1	1/16		1/16	1		2	62	1655
112	106	3/16	3/16	2/4	3	1	1/16		1/16	1		-1	65	1660
112	106	1/4	1/4	2/4	2	1	1/8		1/8	1		4	64	1656
112	106	1/4	1/4	2/4	3	1	1/8		1/8	1		1	67	1661
112	106	1/4	1/4	2/4	1	1	1/8		1/8	1		3	69	1651
112	106	3/8	3/8	2/4	4	1	1/8		1/8	1		3	57	1664
112	106	3/8	3/8	2/4	2	1	1/8		1/8	1		7	61	1657
112	106	3/8	3/8	2/4	3	1	1/8		1/8	1		4	64	1662
112	106	3/8	3/8	2/4	1	1	1/8		1/8	1		3	69	1652
113	107	0	0	2/4	4	1	1/8		1/8	1		2	62	1669
113	107	0	0	2/4	2	1	1/2		1/2	1	1	2	62	1667
113	107	0	0	2/4	3	1	1/2		1/2	1	1	-1	65	1668
113	107	0	0	2/4	1	1	3/8		1/4	3/2		3	69	1665
113	107	1/8	1/8	2/4	4	1	1/16		1/16	1		0	60	1670
113	107	3/16	3/16	2/4	4	1	1/16		1/16	1		-2	58	1671
113	107	1/4	1/4	2/4	4	1	1/8		1/8	1		0	60	1672
113	107	3/8	3/8	2/4	4	1	1/8		1/8	1		3	57	1673
113	107	3/8	3/8	2/4	1	1	1/8		1/8	1		3	69	1666
114	108	0	0	2/4	4	1	1/8		1/8	1		-2	58	1686
114	108	0	0	2/4	2	1	3/8		1/4	3/2	-1	2	62	1679
114	108	0	0	2/4	3	1	1/8		1/8	1	-1	-1	65	1681
114	108	0	0	2/4	1	1	1/8		1/8	1		2	74	1674
114	108	1/8	1/8	2/4	4	1	1/16		1/16	1		3	57	1687
114	108	1/8	1/8	2/4	3	1	1/16		1/16	1		6	66	1682
114	108	1/8	1/8	2/4	1	1	1/16		1/16	1		0	72	1675
114	108	3/16	3/16	2/4	4	1	1/16		1/16	1		1	55	1688
114	108	3/16	3/16	2/4	3	1	1/16		1/16	1		1	67	1683
114	108	3/16	3/16	2/4	1	1	1/16		1/16	1		-2	70	1676
114	108	1/4	1/4	2/4	4	1	1/8		1/8	1		2	50	1689
114	108	1/4	1/4	2/4	3	1	1/8		1/8	1		6	66	1684
114	108	1/4	1/4	2/4	1	1	1/8		1/8	1		0	72	1677
114	108	3/8	3/8	2/4	2	1	1/8		1/8	1		0	60	1680
114	108	3/8	3/8	2/4	4	1	1/8		1/8	1		2	62	1690
114	108	3/8	3/8	2/4	3	1	1/8		1/8	1		6	66	1685
114	108	3/8	3/8	2/4	1	1	1/8		1/8	1		3	69	1678
115	109	0	0	2/4	4	1	1/4		1/4	1		1	55	1705
115	109	0	0	2/4	2	1	1/8		1/8	1		-2	58	1696
115	109	0	0	2/4	3	1	1/8		1/8	1		1	67	1700
115	109	0	0	2/4	1	1	1/8		1/8	1		-2	70	1691
115	109	1/8	1/8	2/4	3	1	1/16		1/16	1		3	69	1701
115	109	1/8	1/8	2/4	2	1	1/8		1/8	1		-2	70	1697
115	109	1/8	1/8	2/4	1	1	1/16		1/16	1		-1	77	1692
115	109	3/16	3/16	2/4	3	1	1/16		1/16	1		1	67	1702
115	109	3/16	3/16	2/4	1	1	1/16		1/16	1		4	76	1693
115	109	1/4	1/4	2/4	4	1	1/4		1/4	1		3	57	1706
115	109	1/4	1/4	2/4	3	1	1/8		1/8	1		-1	65	1703
115	109	1/4	1/4	2/4	2	1	1/8		1/8	1		3	69	1698
115	109	1/4	1/4	2/4	1	1	1/8		1/8	1		2	74	1694
115	109	3/8	3/8	2/4	3	1	1/8		1/8	1		4	64	1704
115	109	3/8	3/8	2/4	2	1	1/8		1/8	1		3	69	1699
115	109	3/8	3/8	2/4	1	1	1/8		1/8	1		7	73	1695
116	110	0	0	2/4	4	1	1/8		1/8	1		2	50	1719
116	110	0	0	2/4	3	1	1/8		1/8	1		6	66	1715
116	110	0	0	2/4	2	1	1/8		1/8	1		3	69	1711
116	110	0	0	2/4	1	1	1/8		1/8	1		2	74	1707
116	110	1/8	1/8	2/4	4	1	1/8		1/8	1		1	43	1720
116	110	1/8	1/8	2/4	3	1	1/8		1/8	1		1	67	1716
116	110	1/8	1/8	2/4	2	1	1/8		1/8	1		-2	70	1712
116	110	1/8	1/8	2/4	1	1	1/8		1/8	1		2	74	1708
116	110	1/4	1/4	2/4	4	1	1/8		1/8	1		2	50	1721
116	110	1/4	1/4	2/4	3	1	1/8		1/8	1		6	66	1717
116	110	1/4	1/4	2/4	2	1	1/8		1/8	1		3	69	1713
116	110	1/4	1/4	2/4	1	1	1/8		1/8	1		2	74	1709
116	110	3/8	3/8	2/4	4	1	1/8		1/8	1		1	43	1722
116	110	3/8	3/8	2/4	3	1	1/8		1/8	1		1	67	1718
116	110	3/8	3/8	2/4	2	1	1/8		1/8	1		-2	70	1714
116	110	3/8	3/8	2/4	1	1	1/8		1/8	1		2	74	1710
117	111	0	0	2/4	4	1	1/4		1/4	1		2	38	1729
117	111	0	0	2/4	3	1	1/4		1/4	1		6	66	1727
117	111	0	0	2/4	2	1	1/4		1/4	1		3	69	1725
117	111	0	0	2/4	1	1	1/4		1/4	1		2	74	1723
117	111	3/8	3/8	2/4	4	1	1/8		1/8	1		2	50	1730
117	111	3/8	3/8	2/4	3	1	1/8		1/8	1		2	62	1728
117	111	3/8	3/8	2/4	1	1	1/8		1/8	1		2	74	1724
117	111	3/8	3/8	2/4	2	1	1/8		1/8	1		2	74	1726
118	112	0	0	2/4	4	1	1/8		1/8	1		-1	53	1746
118	112	0	0	2/4	3	1	1/8		1/8	1		-1	65	1741
118	112	0	0	2/4	1	1	1/8		1/8	1		-1	77	1731
118	112	0	0	2/4	2	1	1/8		1/8	1		-1	77	1736
118	112	1/8	1/8	2/4	4	1	1/16		1/16	1		-3	51	1747
118	112	1/8	1/8	2/4	3	1	1/16		1/16	1		-3	63	1742
118	112	1/8	1/8	2/4	1	1	1/16		1/16	1		-3	75	1732
118	112	1/8	1/8	2/4	2	1	1/16		1/16	1		-3	75	1737
118	112	3/16	3/16	2/4	4	1	1/16		1/16	1		2	50	1748
118	112	3/16	3/16	2/4	3	1	1/16		1/16	1		2	62	1743
118	112	3/16	3/16	2/4	1	1	1/16		1/16	1		2	74	1733
118	112	3/16	3/16	2/4	2	1	1/16		1/16	1		2	74	1738
118	112	1/4	1/4	2/4	4	1	1/8		1/8	1		-3	51	1749
118	112	1/4	1/4	2/4	3	1	1/8		1/8	1		-3	63	1744
118	112	1/4	1/4	2/4	1	1	1/8		1/8	1		-3	75	1734
118	112	1/4	1/4	2/4	2	1	1/8		1/8	1		-3	75	1739
118	112	3/8	3/8	2/4	4	1	1/8		1/8	1		0	48	1750
118	112	3/8	3/8	2/4	3	1	1/8		1/8	1		0	60	1745
118	112	3/8	3/8	2/4	1	1	1/8		1/8	1		0	72	1735
118	112	3/8	3/8	2/4	2	1	1/8		1/8	1		0	72	1740
119	113	0	0	2/4	4	1	1/8		1/8	1		2	50	1766
119	113	0	0	2/4	3	1	1/8		1/8	1		2	62	1761
119	113	0	0	2/4	1	1	1/8		1/8	1		2	74	1751
119	113	0	0	2/4	2	1	1/8		1/8	1		2	74	1756
119	113	1/8	1/8	2/4	4	1	1/8		1/8	1		-2	46	1767
119	113	1/8	1/8	2/4	3	1	1/8		1/8	1		-2	58	1762
119	113	1/8	1/8	2/4	1	1	1/8		1/8	1		-2	70	1752
119	113	1/8	1/8	2/4	2	1	1/8		1/8	1		-2	70	1757
119	113	1/4	1/4	2/4	4	1	1/8		1/8	1		1	43	1768
119	113	1/4	1/4	2/4	3	1	1/8		1/8	1		1	55	1763
119	113	1/4	1/4	2/4	1	1	1/8		1/8	1		1	67	1753
119	113	1/4	1/4	2/4	2	1	1/8		1/8	1		1	67	1758
119	113	3/8	3/8	2/4	4	1	1/16		1/16	1		1	43	1769
119	113	3/8	3/8	2/4	3	1	1/16		1/16	1		1	55	1764
119	113	3/8	3/8	2/4	1	1	1/16		1/16	1		1	67	1754
119	113	3/8	3/8	2/4	2	1	1/16		1/16	1		1	67	1759
119	113	7/16	7/16	2/4	4	1	1/16		1/16	1		3	45	1770
119	113	7/16	7/16	2/4	3	1	1/16		1/16	1		3	57	1765
119	113	7/16	7/16	2/4	1	1	1/16		1/16	1		3	69	1755
119	113	7/16	7/16	2/4	2	1	1/16		1/16	1		3	69	1760
120	114	0	0	2/4	4	1	1/8		1/8	1		-2	46	1786
120	114	0	0	2/4	3	1	1/8		1/8	1		-2	58	1781
120	114	0	0	2/4	1	1	1/8		1/8	1		-2	70	1771
120	114	0	0	2/4	2	1	1/8		1/8	1		-2	70	1776
120	114	1/8	1/8	2/4	4	1	1/16		1/16	1		3	45	1787
120	114	1/8	1/8	2/4	3	1	1/16		1/16	1		3	57	1782
120	114	1/8	1/8	2/4	1	1	1/16		1/16	1		3	69	1772
120	114	1/8	1/8	2/4	2	1	1/16		1/16	1		3	69	1777
120	114	3/16	3/16	2/4	4	1	1/16		1/16	1		1	43	1788
120	114	3/16	3/16	2/4	3	1	1/16		1/16	1		1	55	1783
120	114	3/16	3/16	2/4	1	1	1/16		1/16	1		1	67	1773
120	114	3/16	3/16	2/4	2	1	1/16		1/16	1		1	67	1778
120	114	1/4	1/4	2/4	4	1	1/8		1/8	1		3	45	1789
120	114	1/4	1/4	2/4	3	1	1/8		1/8	1		3	57	1784
120	114	1/4	1/4	2/4	1	1	1/8		1/8	1		3	69	1774
120	114	1/4	1/4	2/4	2	1	1/8		1/8	1		3	69	1779
120	114	3/8	3/8	2/4	4	1	1/8		1/8	1		2	38	1790
120	114	3/8	3/8	2/4	3	1	1/8		1/8	1		2	50	1785
120	114	3/8	3/8	2/4	1	1	1/8		1/8	1		2	62	1775
120	114	3/8	3/8	2/4	2	1	1/8		1/8	1		2	62	1780
121	115	0	0	2/4	4	1	1/8		1/8	1		1	43	1806
121	115	0	0	2/4	3	1	1/8		1/8	1		1	55	1801
121	115	0	0	2/4	1	1	1/8		1/8	1		1	67	1791
121	115	0	0	2/4	2	1	1/8		1/8	1		1	67	1796
121	115	1/8	1/8	2/4	4	1	1/8		1/8	1		-3	39	1807
121	115	1/8	1/8	2/4	3	1	1/8		1/8	1		-3	51	1802
121	115	1/8	1/8	2/4	1	1	1/8		1/8	1		-3	63	1792
121	115	1/8	1/8	2/4	2	1	1/8		1/8	1		-3	63	1797
121	115	1/4	1/4	2/4	4	1	1/8		1/8	1		0	36	1808
121	115	1/4	1/4	2/4	3	1	1/8		1/8	1		0	48	1803
121	115	1/4	1/4	2/4	1	1	1/8		1/8	1		0	60	1793
121	115	1/4	1/4	2/4	2	1	1/8		1/8	1		0	60	1798
121	115	3/8	3/8	2/4	4	1	1/16		1/16	1		-3	39	1809
121	115	3/8	3/8	2/4	3	1	1/16		1/16	1		-3	51	1804
121	115	3/8	3/8	2/4	1	1	1/16		1/16	1		-3	63	1794
121	115	3/8	3/8	2/4	2	1	1/16		1/16	1		-3	63	1799
121	115	7/16	7/16	2/4	4	1	1/16		1/16	1		-3	39	1810
121	115	7/16	7/16	2/4	3	1	1/16		1/16	1		-3	51	1805
121	115	7/16	7/16	2/4	1	1	1/16		1/16	1		-3	63	1795
121	115	7/16	7/16	2/4	2	1	1/16		1/16	1		-3	63	1800
122	116	0	0	2/4	4	1	1/8		1/8	1		2	38	1829
122	116	0	0	2/4	3	1	1/8		1/8	1		2	50	1823
122	116	0	0	2/4	1	1	1/8		1/8	1		2	62	1811
122	116	0	0	2/4	2	1	1/8		1/8	1		2	62	1817
122	116	1/8	1/8	2/4	4	1	1/16		1/16	1		2	38	1830
122	116	1/8	1/8	2/4	3	1	1/16		1/16	1		2	50	1824
122	116	1/8	1/8	2/4	1	1	1/16		1/16	1		2	62	1812
122	116	1/8	1/8	2/4	2	1	1/16		1/16	1		2	62	1818
122	116	3/16	3/16	2/4	4	1	1/16		1/16	1		2	38	1831
122	116	3/16	3/16	2/4	3	1	1/16		1/16	1		2	50	1825
122	116	3/16	3/16	2/4	1	1	1/16		1/16	1		2	62	1813
122	116	3/16	3/16	2/4	2	1	1/16		1/16	1		2	62	1819
122	116	1/4	1/4	2/4	4	1	1/8		1/8	1		6	42	1832
122	116	1/4	1/4	2/4	3	1	1/8		1/8	1		6	54	1826
122	116	1/4	1/4	2/4	1	1	1/8		1/8	1		6	66	1814
122	116	1/4	1/4	2/4	2	1	1/8		1/8	1		6	66	1820
122	116	3/8	3/8	2/4	4	1	1/16		1/16	1		2	38	1833
122	116	3/8	3/8	2/4	3	1	1/16		1/16	1		2	50	1827
122	116	3/8	3/8	2/4	1	1	1/16		1/16	1		2	62	1815
122	116	3/8	3/8	2/4	2	1	1/16		1/16	1		2	62	1821
122	116	7/16	7/16	2/4	4	1	1/16		1/16	1		2	38	1834
122	116	7/16	7/16	2/4	3	1	1/16		1/16	1		2	50	1828
122	116	7/16	7/16	2/4	1	1	1/16		1/16	1		2	62	1816
122	116	7/16	7/16	2/4	2	1	1/16		1/16	1		2	62	1822
123	117	0	0	2/4	4	1	1/8		1/8	1		1	43	1853
123	117	0	0	2/4	3	1	1/8		1/8	1		1	55	1847
123	117	0	0	2/4	1	1	1/8		1/8	1		1	67	1835
123	117	0	0	2/4	2	1	1/8		1/8	1		1	67	1841
123	117	1/8	1/8	2/4	4	1	1/16		1/16	1		2	38	1854
123	117	1/8	1/8	2/4	3	1	1/16		1/16	1		2	50	1848
123	117	1/8	1/8	2/4	1	1	1/16		1/16	1		2	62	1836
123	117	1/8	1/8	2/4	2	1	1/16		1/16	1		2	62	1842
123	117	3/16	3/16	2/4	4	1	1/16		1/16	1		2	38	1855
123	117	3/16	3/16	2/4	3	1	1/16		1/16	1		2	50	1849
123	117	3/16	3/16	2/4	1	1	1/16		1/16	1		2	62	1837
123	117	3/16	3/16	2/4	2	1	1/16		1/16	1		2	62	1843
123	117	1/4	1/4	2/4	4	1	1/16		1/16	1		8	44	1856
123	117	1/4	1/4	2/4	3	1	1/8		1/8	1		8	56	1850
123	117	1/4	1/4	2/4	1	1	1/8		1/8	1		8	68	1838
123	117	1/4	1/4	2/4	2	1	1/8		1/8	1		8	68	1844
123	117	5/16	5/16	2/4	4	1	1/16		1/16	1		2	38	1857
123	117	3/8	3/8	2/4	4	1	1/8		1/8	1		2	38	1858
123	117	3/8	3/8	2/4	3	1	1/16		1/16	1		2	50	1851
123	117	3/8	3/8	2/4	1	1	1/16		1/16	1		2	62	1839
123	117	3/8	3/8	2/4	2	1	1/16		1/16	1		2	62	1845
123	117	7/16	7/16	2/4	3	1	1/16		1/16	1		2	50	1852
123	117	7/16	7/16	2/4	1	1	1/16		1/16	1		2	62	1840
123	117	7/16	7/16	2/4	2	1	1/16		1/16	1		2	62	1846
124	118	0	0	2/4	4	1	1/8		1/8	1		3	45	1871
124	118	0	0	2/4	3	1	1/8		1/8	1		3	57	1865
124	118	0	0	2/4	1	1	1/8		1/8	1		3	69	1859
124	118	0	0	2/4	2	1	1/8		1/8	1		3	69	1862
124	118	1/8	1/8	2/4	4	1	1/16		1/16	1		2	38	1872
124	118	1/8	1/8	2/4	3	1	1/16		1/16	1		2	50	1866
124	118	1/8	1/8	2/4	1	1	1/8		1/8	1		2	62	1860
124	118	1/8	1/8	2/4	2	1	1/8		1/8	1		2	62	1863
124	118	3/16	3/16	2/4	4	1	1/16		1/16	1		2	38	1873
124	118	3/16	3/16	2/4	3	1	1/16		1/16	1		2	50	1867
124	118	1/4	1/4	2/4	4	1	1/8		1/8	1		-2	46	1874
124	118	1/4	1/4	2/4	3	1	1/8		1/8	1		-2	58	1868
124	118	1/4	1/4	2/4	1	1	1/8		1/8	1		2	74	1861
124	118	1/4	1/4	2/4	2	1	1/8		1/8	1		2	74	1864
124	118	3/8	3/8	2/4	4	1	1/16		1/16	1		2	38	1875
124	118	3/8	3/8	2/4	3	1	1/16		1/16	1		2	50	1869
124	118	7/16	7/16	2/4	4	1	1/16		1/16	1		2	38	1876
124	118	7/16	7/16	2/4	3	1	1/16		1/16	1		2	50	1870
125	119	0	0	2/4	4	1	1/16		1/16	1		0	48	1887
125	119	0	0	2/4	3	1	1/16		1/16	1		0	60	1879
125	119	1/16	1/16	2/4	4	1	1/16		1/16	1		3	45	1888
125	119	1/16	1/16	2/4	3	1	1/16		1/16	1		3	57	1880
125	119	1/8	1/8	2/4	4	1	1/16		1/16	1		0	48	1889
125	119	1/8	1/8	2/4	3	1	1/16		1/16	1		0	60	1881
125	119	3/16	3/16	2/4	4	1	1/16		1/16	1		-3	51	1890
125	119	3/16	3/16	2/4	3	1	1/16		1/16	1		-3	63	1882
125	119	1/4	1/4	2/4	4	1	1/16		1/16	1		2	50	1891
125	119	1/4	1/4	2/4	3	1	1/16		1/16	1		2	62	1883
125	119	5/16	5/16	2/4	4	1	1/16		1/16	1		0	48	1892
125	119	5/16	5/16	2/4	3	1	1/16		1/16	1		0	60	1884
125	119	3/8	3/8	2/4	4	1	1/16		1/16	1		-2	46	1893
125	119	3/8	3/8	2/4	3	1	1/16		1/16	1		-2	58	1885
125	119	3/8	3/8	2/4	2	1	1/8		1/8	1		0	60	1878
125	119	3/8	3/8	2/4	1	1	1/8		1/8	1		2	62	1877
125	119	7/16	7/16	2/4	4	1	1/16		1/16	1		3	45	1894
125	119	7/16	7/16	2/4	3	1	1/16		1/16	1		3	57	1886
126	120	0	0	2/4	4	1	1/4		1/4	1		1	43	1904
126	120	0	0	2/4	3	1	1/4		1/4	1		1	55	1903
126	120	0	0	2/4	2	1	1/8		1/8	1		-2	58	1899
126	120	0	0	2/4	1	1	1/8		1/8	1		1	67	1895
126	120	1/8	1/8	2/4	2	1	1/8		1/8	1		6	66	1900
126	120	1/8	1/8	2/4	1	1	1/8		1/8	1		3	69	1896
126	120	1/4	1/4	2/4	2	1	1/8		1/8	1		1	67	1901
126	120	1/4	1/4	2/4	1	1	1/8		1/8	1		-2	70	1897
126	120	3/8	3/8	2/4	2	1	1/8		1/8	1		3	69	1902
126	120	3/8	3/8	2/4	1	1	1/8		1/8	1		0	72	1898
127	121	0	0	2/4	2	1	1/4		1/4	1		-2	70	1907
127	121	0	0	2/4	1	1	1/4		1/4	1		2	74	1905
127	121	1/8	1/8	2/4	4	1	1/8		1/8	1		2	50	1910
127	121	1/4	1/4	2/4	4	1	1/8		1/8	1		-2	46	1911
127	121	1/4	1/4	2/4	3	1	1/8		1/8	1		1	55	1909
127	121	1/4	1/4	2/4	3	1	1/8		1/8	1		2	62	1909
127	121	1/4	1/4	2/4	3	1	1/8		1/8	1		-2	70	1909
127	121	3/8	3/8	2/4	4	1	1/8		1/8	1		2	50	1912
127	121	3/8	3/8	2/4	2	1	1/8		1/8	1		1	55	1908
127	121	3/8	3/8	2/4	1	1	1/8		1/8	1		2	62	1906
128	122	0	0	2/4	4	1	1/4		1/4	1		1	43	1922
128	122	0	0	2/4	3	1	1/8		1/8	1		1	55	1921
128	122	0	0	2/4	2	1	1/8		1/8	1		-2	58	1917
128	122	0	0	2/4	3	1	1/8		1/8	1		2	62	1921
128	122	0	0	2/4	1	1	1/8		1/8	1		1	67	1913
128	122	0	0	2/4	3	1	1/8		1/8	1		-2	70	1921
128	122	1/8	1/8	2/4	2	1	1/8		1/8	1		6	66	1918
128	122	1/8	1/8	2/4	1	1	1/8		1/8	1		3	69	1914
128	122	1/4	1/4	2/4	2	1	1/8		1/8	1		1	67	1919
128	122	1/4	1/4	2/4	1	1	1/8		1/8	1		-2	70	1915
128	122	3/8	3/8	2/4	2	1	1/8		1/8	1		3	69	1920
128	122	3/8	3/8	2/4	1	1	1/8		1/8	1		0	72	1916
129	123	0	0	2/4	2	1	1/4		1/4	1		-2	70	1925
129	123	0	0	2/4	1	1	1/4		1/4	1		2	74	1923
129	123	1/4	1/4	2/4	4	1	1/8		1/8	1		1	43	1928
129	123	1/4	1/4	2/4	3	1	1/8		1/8	1		1	55	1927
129	123	1/4	1/4	2/4	3	1	1/8		1/8	1		1	67	1927
129	123	3/8	3/8	2/4	2	1	1/8		1/8	1		-1	65	1926
129	123	3/8	3/8	2/4	1	1	1/8		1/8	1		1	67	1924
130	124	0	0	2/4	4	1	1/4		1/4	1		0	36	1941
130	124	0	0	2/4	3	1	1/8		1/8	1		1	55	1937
130	124	0	0	2/4	2	1	1/8		1/8	1		-3	63	1933
130	124	0	0	2/4	3	1	1/8		1/8	1		1	67	1937
130	124	0	0	2/4	1	1	1/8		1/8	1		0	72	1929
130	124	1/8	1/8	2/4	3	1	1/8		1/8	1		1	55	1938
130	124	1/8	1/8	2/4	3	1	1/8		1/8	1		1	67	1938
130	124	1/8	1/8	2/4	2	1	1/8		1/8	1		5	71	1934
130	124	1/8	1/8	2/4	1	1	1/8		1/8	1		2	74	1930
130	124	1/4	1/4	2/4	3	1	1/8		1/8	1		1	55	1939
130	124	1/4	1/4	2/4	3	1	1/8		1/8	1		1	67	1939
130	124	1/4	1/4	2/4	2	1	1/8		1/8	1		0	72	1935
130	124	1/4	1/4	2/4	1	1	1/8		1/8	1		-3	75	1931
130	124	3/8	3/8	2/4	3	1	1/8		1/8	1		1	55	1940
130	124	3/8	3/8	2/4	3	1	1/8		1/8	1		1	67	1940
130	124	3/8	3/8	2/4	2	1	1/8		1/8	1		2	74	1936
130	124	3/8	3/8	2/4	1	1	1/8		1/8	1		-1	77	1932
131	125	0	0	2/4	3	1	1/4		1/4	1		1	55	1946
131	125	0	0	2/4	3	1	1/4		1/4	1		1	67	1946
131	125	0	0	2/4	2	1	1/4		1/4	1		-3	75	1944
131	125	0	0	2/4	1	1	1/4		1/4	1		1	79	1942
131	125	3/8	3/8	2/4	3	1	1/8		1/8	1		-2	70	1947
131	125	3/8	3/8	2/4	2	1	1/8		1/8	1		2	74	1945
131	125	3/8	3/8	2/4	1	1	1/8		1/8	1		1	79	1943
132	126	0	0	2/4	3	1	1/8		1/8	1		0	72	1958
132	126	0	0	2/4	2	1	1/8		1/8	1		-3	75	1953
132	126	0	0	2/4	1	1	1/8		1/8	1		3	81	1948
132	126	1/8	1/8	2/4	3	1	1/16		1/16	1		-2	70	1959
132	126	1/8	1/8	2/4	2	1	1/16		1/16	1		2	74	1954
132	126	1/8	1/8	2/4	1	1	1/16		1/16	1		1	79	1949
132	126	3/16	3/16	2/4	3	1	1/16		1/16	1		3	69	1960
132	126	3/16	3/16	2/4	2	1	1/16		1/16	1		0	72	1955
132	126	3/16	3/16	2/4	1	1	1/16		1/16	1		6	78	1950
132	126	1/4	1/4	2/4	3	1	1/8		1/8	1		-2	70	1961
132	126	1/4	1/4	2/4	2	1	1/8		1/8	1		2	74	1956
132	126	1/4	1/4	2/4	1	1	1/8		1/8	1		1	79	1951
132	126	3/8	3/8	2/4	3	1	1/8		1/8	1		1	67	1962
132	126	3/8	3/8	2/4	2	1	1/8		1/8	1		-2	70	1957
132	126	3/8	3/8	2/4	1	1	1/8		1/8	1		-3	75	1952
133	127	0	0	2/4	3	1	1/8		1/8	1		6	66	1973
133	127	0	0	2/4	2	1	1/8		1/8	1		3	69	1968
133	127	0	0	2/4	1	1	1/8		1/8	1		2	74	1963
133	127	1/8	1/8	2/4	3	1	1/16		1/16	1		-3	63	1974
133	127	1/8	1/8	2/4	2	1	1/16		1/16	1		1	67	1969
133	127	1/8	1/8	2/4	1	1	1/16		1/16	1		0	72	1964
133	127	3/16	3/16	2/4	3	1	1/16		1/16	1		2	62	1975
133	127	3/16	3/16	2/4	2	1	1/16		1/16	1		6	66	1970
133	127	3/16	3/16	2/4	1	1	1/16		1/16	1		-2	70	1965
133	127	1/4	1/4	2/4	3	1	1/8		1/8	1		-3	63	1976
133	127	1/4	1/4	2/4	2	1	1/8		1/8	1		1	67	1971
133	127	1/4	1/4	2/4	1	1	1/8		1/8	1		0	72	1966
133	127	3/8	3/8	2/4	3	1	1/8		1/8	1		0	60	1977
133	127	3/8	3/8	2/4	2	1	1/8		1/8	1		1	67	1972
133	127	3/8	3/8	2/4	1	1	1/8		1/8	1		3	69	1967
134	128	0	0	2/4	3	1	1/8		1/8	1		2	62	1988
134	128	0	0	2/4	2	1	1/8		1/8	1		1	67	1983
134	128	0	0	2/4	1	1	1/8		1/8	1		-2	70	1978
134	128	1/8	1/8	2/4	3	1	1/16		1/16	1		0	60	1989
134	128	1/8	1/8	2/4	2	1	1/16		1/16	1		-3	63	1984
134	128	1/8	1/8	2/4	1	1	1/16		1/16	1		3	69	1979
134	128	3/16	3/16	2/4	3	1	1/16		1/16	1		-2	58	1990
134	128	3/16	3/16	2/4	2	1	1/16		1/16	1		2	62	1985
134	128	3/16	3/16	2/4	1	1	1/16		1/16	1		1	67	1980
134	128	1/4	1/4	2/4	3	1	1/8		1/8	1		0	60	1991
134	128	1/4	1/4	2/4	2	1	1/8		1/8	1		-3	63	1986
134	128	1/4	1/4	2/4	1	1	1/8		1/8	1		3	69	1981
134	128	3/8	3/8	2/4	4	1	1/8		1/8	1		2	50	1993
134	128	3/8	3/8	2/4	3	1	1/8		1/8	1		3	57	1992
134	128	3/8	3/8	2/4	2	1	1/8		1/8	1		2	62	1987
134	128	3/8	3/8	2/4	1	1	1/8		1/8	1		6	66	1982
135	129	0	0	2/4	4	1	1/8		1/8	1		1	43	1997
135	129	0	0	2/4	3	1	1/8		1/8	1		-2	58	1996
135	129	0	0	2/4	2	1	1/8		1/8	1		2	62	1995
135	129	0	0	2/4	1	1	1/8		1/8	1		1	67	1994
