mc	mn	onset	duration	gracenote	nominal_duration	scalar	tied	tpc	midi	staff	voice	volta
1	1	0	1/4		1/4	1		-2	46	4	1	
1	1	0	1/4		1/4	1		2	50	3	1	
1	1	0	1/4		1/4	1		-2	58	2	1	
1	1	0	3/8		1/4	3/2		-1	65	1	1	
1	1	1/4	1/4		1/4	1		2	38	4	1	
1	1	1/4	1/4		1/4	1		-1	53	3	1	
1	1	1/4	1/4		1/4	1		2	62	2	1	
1	1	3/8	1/8		1/8	1		-1	65	1	1	
1	1	1/2	1/4		1/4	1		-1	41	4	1	
1	1	1/2	1/4		1/4	1	1	-3	51	3	1	
1	1	1/2	1/4		1/4	1		0	60	2	1	
1	1	1/2	1/8		1/8	1		1	67	1	1	
1	1	5/8	1/8		1/8	1		3	69	1	1	
2	2	0	1/2		1/2	1		1	43	4	1	
2	2	0	1/4		1/4	1	-1	-3	51	3	1	
2	2	0	1/4		1/4	1		3	57	2	1	
2	2	0	1/4		1/4	1		0	72	1	1	
2	2	1/4	1/4		1/4	1		2	50	3	1	
2	2	1/4	1/2		1/2	1	1	-2	58	2	1	
2	2	1/4	1/8		1/8	1		-2	70	1	1	
2	2	1/2	1/4		1/4	1		2	38	4	1	
2	2	1/2	1/4		1/4	1		-1	53	3	1	
2	2	1/2	3/16		1/8	3/2		-2	70	1	1	
2	2	11/16	1/16		1/16	1		2	62	1	1	
3	3	0	1/4		1/4	1		-3	39	4	1	
3	3	0	1/4		1/4	1		1	55	3	1	
3	3	0	1/4		1/4	1	-1	-2	58	2	1	
3	3	0	3/8		1/4	3/2		0	60	1	1	
3	3	1/4	1/4		1/4	1		-1	41	4	1	
3	3	1/4	1/4		1/4	1		-1	53	3	1	
3	3	1/4	1/4		1/4	1		-2	58	2	1	
3	3	3/8	1/8		1/8	1		0	60	1	1	
3	3	1/2	1/4		1/4	1		-1	41	4	1	
3	3	1/2	1/4		1/4	1		-1	53	3	1	
3	3	1/2	1/4		1/4	1	1	3	57	2	1	
3	3	1/2	3/16		1/8	3/2		-1	65	1	1	
3	3	11/16	1/16		1/16	1		0	60	1	1	
4	4	0	1/2		1/2	1		-2	46	4	1	
4	4	0	1/2		1/2	1		-1	53	3	1	
4	4	0	1/4		1/4	1	-1	3	57	2	1	
4	4	0	1/4		1/4	1		-3	63	1	1	
4	4	1/4	1/4		1/4	1		-2	58	2	1	
4	4	1/4	1/8		1/8	1		2	62	1	1	
4	4	1/2	1/4		1/4	1		0	48	4	1	
4	4	1/2	1/4		1/4	1		-3	51	3	1	
4	4	1/2	1/4		1/4	1		3	57	2	1	
4	4	1/2	1/4		1/4	1		-1	65	1	1	
5	5	0	1/4		1/4	1		2	50	4	1	
5	5	0	1/4		1/4	1		-1	53	3	1	
5	5	0	1/4		1/4	1		-2	58	2	1	
5	5	0	1/2		1/2	1		-2	70	1	1	
5	5	1/4	1/4		1/4	1		-3	51	4	1	
5	5	1/4	1/4		1/4	1		1	55	3	1	
5	5	1/4	1/4		1/4	1		0	60	2	1	
5	5	1/2	1/4		1/4	1		0	48	4	1	
5	5	1/2	1/8		1/8	1		-1	65	3	1	
5	5	1/2	1/4		1/4	1		1	67	2	1	
5	5	1/2	1/12		1/8	2/3		2	74	1	1	
5	5	7/12	1/12		1/8	2/3		0	72	1	1	
5	5	5/8	1/8		1/8	1		-3	63	3	1	
5	5	2/3	1/12		1/8	2/3		-2	70	1	1	
6	6	0	1/2		1/2	1		-1	53	4	1	
6	6	0	1/4		1/4	1		2	62	3	1	
6	6	0	1/4		1/4	1		-1	65	2	1	
6	6	0	1/4		1/4	1		-2	70	1	1	
6	6	1/4	1/4		1/4	1		0	60	3	1	
6	6	1/4	1/4		1/4	1		-3	63	2	1	
6	6	1/4	1/4		1/4	1		3	69	1	1	
6	6	1/2	1/4		1/4	1		1	55	4	1	
6	6	1/2	1/4		1/4	1		-2	58	3	1	
6	6	1/2	1/4		1/4	1		2	62	2	1	
6	6	1/2	1/4		1/4	1		-2	70	1	1	
7	7	0	1/4		1/4	1		3	57	4	1	
7	7	0	1/4		1/4	1		0	60	2	1	
7	7	0	1/4		1/4	1		-1	65	3	1	
7	7	0	1/4		1/4	1		0	72	1	1	
7	7	1/4	1/4		1/4	1		-2	58	4	1	
7	7	1/4	1/4		1/4	1		-1	65	2	1	
7	7	1/4	1/4		1/4	1		-1	65	3	1	
7	7	1/4	1/8		1/8	1		2	74	1	1	
7	7	3/8	1/8		1/8	1		2	74	1	1	
7	7	1/2	1/4		1/4	1		1	55	3	1	
7	7	1/2	1/4		1/4	1	1	5	59	4	1	
7	7	1/2	1/4		1/4	1		2	62	2	1	
7	7	1/2	1/4		1/4	1		2	62	3	1	
7	7	1/2	1/4		1/4	1		5	71	2	1	
7	7	1/2	3/16		1/8	3/2		1	79	1	1	
7	7	11/16	1/16		1/16	1		-1	77	1	1	
8	8	0	1/2		1/2	1		0	48	3	1	
8	8	0	1/4		1/4	1	-1	5	59	4	1	
8	8	0	1/4		1/4	1		2	74	2	1	
8	8	0	1/4		1/4	1		-1	77	1	1	
8	8	1/4	1/4		1/4	1		0	60	4	1	
8	8	1/4	1/4		1/4	1		0	72	2	1	
8	8	1/4	1/4		1/4	1		-3	75	1	1	
9	9	0	3/8		1/4	3/2		0	72	1	1	
9	9	1/4	1/4		1/4	1		-3	51	4	1	
9	9	1/4	1/4		1/4	1		-1	53	3	1	
9	9	1/4	1/4		1/4	1		3	57	4	1	
9	9	1/4	1/4		1/4	1		0	60	2	1	
9	9	1/4	1/4		1/4	1		-1	65	2	1	
9	9	3/8	1/8		1/8	1		0	72	1	1	
9	9	1/2	1/4		1/4	1		-3	51	4	1	
9	9	1/2	1/4		1/4	1		-1	53	3	1	
9	9	1/2	1/4		1/4	1		3	57	4	1	
9	9	1/2	1/4		1/4	1		0	60	2	1	
9	9	1/2	1/4		1/4	1		-1	65	2	1	
9	9	1/2	1/8		1/8	1		2	74	1	1	
9	9	5/8	1/8		1/8	1		-3	75	1	1	
10	10	0	1/4		1/4	1		2	50	4	2	
10	10	0	1/4		1/4	1		-1	53	3	1	
10	10	0	1/2		1/2	1		-2	58	4	1	
10	10	0	1/4		1/4	1		-1	65	2	1	
10	10	0	1/8		1/8	1		-1	77	1	1	
10	10	1/8	1/8		1/8	1		1	79	1	1	
10	10	1/4	1/4		1/4	1		-3	51	4	2	
10	10	1/4	1/4		1/4	1		1	55	3	1	
10	10	1/4	1/4		1/4	1		0	60	2	1	
10	10	1/4	1/8		1/8	1		-3	75	1	1	
10	10	3/8	1/8		1/8	1		0	72	1	1	
10	10	1/2	1/8		1/8	1		1	67	1	1	
10	10	5/8	1/8		1/8	1		-2	70	1	1	
11	11	0	3/8		1/4	3/2		-1	65	1	1	
11	11	1/8	1/8		1/8	1		-1	41	4	1	
11	11	1/8	1/8		1/8	1		-2	58	3	1	
11	11	1/8	1/8		1/8	1		2	62	2	1	
11	11	1/4	1/8		1/8	1		-3	39	4	1	
11	11	1/4	1/8		1/8	1		3	57	3	1	
11	11	1/4	1/8		1/8	1		0	60	2	1	
11	11	3/8	1/8		1/8	1		2	38	4	1	
11	11	3/8	1/8		1/8	1	1	-2	58	2	1	
11	11	3/8	1/8		1/8	1		-2	58	3	1	
11	11	3/8	1/8		1/8	1		-1	65	1	1	
11	11	1/2	1/8		1/8	1		0	36	4	1	
11	11	1/2	1/4		1/4	1	1	-3	51	3	1	
11	11	1/2	1/8		1/8	1	-1	-2	58	2	1	
11	11	1/2	1/8		1/8	1		1	67	1	1	
11	11	5/8	1/8		1/8	1		-1	41	4	1	
11	11	5/8	1/8		1/8	1	1	3	57	2	1	
11	11	5/8	1/8		1/8	1		3	69	1	1	
12	12	0	1/2		1/2	1		-2	46	4	1	
12	12	0	1/4		1/4	1	-1	-3	51	3	1	
12	12	0	1/4		1/4	1	-1	3	57	2	1	
12	12	0	1/4		1/4	1		0	72	1	1	
12	12	1/4	1/4		1/4	1		2	50	3	1	
12	12	1/4	1/4		1/4	1		-2	58	2	1	
12	12	1/4	1/4		1/4	1		-2	70	1	1	
13	13	0	1/2		1/2	1		-2	58	1	1	
13	13	1/8	1/8		1/8	1		-2	58	3	1	
13	13	1/8	1/8		1/8	1		2	62	2	1	
13	13	1/4	1/8		1/8	1		-2	58	3	1	
13	13	1/4	1/8		1/8	1		2	62	2	1	
13	13	3/8	1/8		1/8	1		-2	58	3	1	
13	13	3/8	1/8		1/8	1		2	62	2	1	
13	13	1/2	1/4		1/4	1		3	57	1	1	
13	13	1/2	1/8		1/8	1		-2	58	3	1	
13	13	1/2	1/8		1/8	1		2	62	2	1	
13	13	5/8	1/8		1/8	1		-2	58	3	1	
13	13	5/8	1/8		1/8	1		2	62	2	1	
14	14	0	1/2		1/2	1		1	55	1	1	
14	14	0	1/8		1/8	1		-2	58	3	1	
14	14	0	1/8		1/8	1		2	62	2	1	
14	14	0	1/2		1/2	1		2	62	1	1	
14	14	1/8	1/8		1/8	1		-2	58	3	1	
14	14	1/8	1/8		1/8	1		2	62	2	1	
14	14	1/4	1/8		1/8	1		-2	58	3	1	
14	14	1/4	1/8		1/8	1		2	62	2	1	
14	14	3/8	1/8		1/8	1		-2	58	3	1	
14	14	3/8	1/8		1/8	1		2	62	2	1	
14	14	1/2	1/8		1/8	1		-2	58	3	1	
14	14	1/2	1/8		1/8	1		2	62	1	1	
14	14	1/2	1/8		1/8	1		2	62	2	1	
14	14	5/8	1/8		1/8	1		-2	58	3	1	
14	14	5/8	1/8		1/8	1		2	62	2	1	
14	14	5/8	1/8		1/8	1		-2	70	1	1	
15	15	0	3/4		1/2	3/2		-2	46	4	1	
15	15	0	3/4		1/2	3/2		-1	53	4	1	
15	15	0	1/8		1/8	1		-2	58	3	1	
15	15	0	1/8		1/8	1		2	62	2	1	
15	15	0	3/8		1/4	3/2		-2	82	1	1	
15	15	1/8	1/8		1/8	1		-2	58	3	1	
15	15	1/8	1/8		1/8	1		2	62	2	1	
15	15	1/4	1/8		1/8	1		-2	58	3	1	
15	15	1/4	1/8		1/8	1		2	62	2	1	
15	15	3/8	1/8		1/8	1		-2	58	3	1	
15	15	3/8	1/8		1/8	1		2	62	2	1	
15	15	3/8	1/8		1/8	1		-4	80	1	1	
15	15	1/2	1/8		1/8	1		-2	58	3	1	
15	15	1/2	1/8		1/8	1		2	62	2	1	
15	15	1/2	3/16		1/8	3/2		1	79	1	1	
15	15	5/8	1/8		1/8	1		-2	58	3	1	
15	15	5/8	1/8		1/8	1		2	62	2	1	
15	15	11/16	1/16		1/16	1		-1	77	1	1	
16	16	0	1/2		1/2	1		-3	39	4	1	
16	16	0	1/8		1/8	1		-4	56	3	1	
16	16	0	1/8		1/8	1		2	62	2	1	
16	16	0	1/4		1/4	1		-1	77	1	1	
16	16	1/8	1/8		1/8	1		-4	56	3	1	
16	16	1/8	1/8		1/8	1		2	62	2	1	
16	16	1/4	1/8		1/8	1		1	55	3	1	
16	16	1/4	1/8		1/8	1		-3	63	2	1	
16	16	1/4	1/8		1/8	1		1	79	1	1	
16	16	3/8	1/8		1/8	1		1	55	3	1	
16	16	3/8	1/8		1/8	1		-3	63	2	1	
16	16	1/2	1/4		1/4	1		-5	37	4	1	
16	16	1/2	1/8		1/8	1		-1	53	3	1	
16	16	1/2	1/8		1/8	1		-1	65	2	1	
16	16	1/2	1/4		1/4	1		-2	70	1	1	
16	16	5/8	1/8		1/8	1		-1	53	3	1	
16	16	5/8	1/8		1/8	1		-1	65	2	1	
17	17	0	1/8		1/8	1		0	36	4	1	
17	17	0	1/8		1/8	1		4	52	3	1	
17	17	0	3/4		1/2	3/2	1	-2	58	2	1	
17	17	0	1/8		1/8	1		1	79	1	1	
17	17	1/8	1/8		1/8	1		2	38	4	1	
17	17	1/8	1/8		1/8	1		-1	53	3	1	
17	17	1/8	1/8		1/8	1		-1	77	1	1	
17	17	1/4	1/8		1/8	1		4	40	4	1	
17	17	1/4	1/8		1/8	1		1	55	3	1	
17	17	1/4	1/8		1/8	1		4	76	1	1	
17	17	3/8	1/8		1/8	1		-1	41	4	1	
17	17	3/8	1/8		1/8	1		3	57	3	1	
17	17	3/8	1/8		1/8	1		2	74	1	1	
17	17	1/2	1/8		1/8	1		4	40	4	1	
17	17	1/2	1/8		1/8	1		1	55	3	1	
17	17	1/2	3/16		1/8	3/2		0	72	1	1	
17	17	5/8	1/8		1/8	1		2	38	4	1	
17	17	5/8	1/8		1/8	1		-1	53	3	1	
17	17	11/16	1/16		1/16	1		0	72	1	1	
18	18	0	1/8		1/8	1		0	36	4	1	
18	18	0	1/8		1/8	1		4	52	3	1	
18	18	0	1/8		1/8	1	-1	-2	58	2	1	
18	18	0	1/8		1/8	1		1	79	1	1	
18	18	1/8	1/8		1/8	1		2	38	4	1	
18	18	1/8	1/8		1/8	1		-1	53	3	1	
18	18	1/8	1/8		1/8	1		-2	70	2	1	
18	18	1/8	1/8		1/8	1		-1	77	1	1	
18	18	1/4	1/8		1/8	1		4	40	4	1	
18	18	1/4	1/8		1/8	1		1	55	3	1	
18	18	1/4	1/8		1/8	1		-2	58	2	1	
18	18	1/4	1/8		1/8	1		4	76	1	1	
18	18	3/8	1/8		1/8	1		-1	41	4	1	
18	18	3/8	1/8		1/8	1		3	57	3	1	
18	18	3/8	1/8		1/8	1		-2	70	2	1	
18	18	3/8	1/8		1/8	1		2	74	1	1	
18	18	1/2	1/8		1/8	1		4	40	4	1	
18	18	1/2	1/8		1/8	1		1	55	3	1	
18	18	1/2	1/8		1/8	1		-2	58	2	1	
18	18	1/2	3/16		1/8	3/2		0	72	1	1	
18	18	5/8	1/8		1/8	1		2	38	4	1	
18	18	5/8	1/8		1/8	1		-1	53	3	1	
18	18	5/8	1/8		1/8	1		-2	70	2	1	
18	18	11/16	1/16		1/16	1		0	72	1	1	
19	19	0	1/4		1/4	1		0	36	4	1	
19	19	0	1/4		1/4	1		4	52	3	1	
19	19	0	1/4		1/4	1		1	55	2	1	
19	19	0	1/4		1/4	1	1	-2	82	1	1	
19	19	1/4	1/4		1/4	1		0	48	3	1	
19	19	1/4	1/4		1/4	1		0	48	4	1	
19	19	1/4	1/4		1/4	1		1	55	2	1	
19	19	1/4	1/4		1/4	1		-2	58	3	1	
19	19	1/4	1/4		1/4	1		4	64	2	1	
19	19	1/4	1/32		1/32	1	-1	-2	82	1	1	
19	19	9/32	1/32		1/32	1		1	79	1	1	
19	19	5/16	1/32		1/32	1		4	76	1	1	
19	19	11/32	1/32		1/32	1		0	72	1	1	
19	19	3/8	1/32		1/32	1		-2	70	1	1	
19	19	13/32	1/32		1/32	1		1	67	1	1	
19	19	7/16	1/32		1/32	1		4	64	1	1	
19	19	15/32	1/32		1/32	1		0	60	1	1	
19	19	1/2	0	grace16after	1/16	1		0	60	1	1	
19	19	1/2	0	grace16after	1/16	1		3	57	1	1	
19	19	1/2	1/4		1/4	1		-2	58	1	1	
19	19	5/8	1/8		1/8	1		7	49	4	1	
19	19	5/8	1/8		1/8	1		1	55	3	1	
19	19	5/8	1/8		1/8	1		4	64	2	1	
20	20	0	1/8		1/8	1		2	50	4	1	
20	20	0	1/8		1/8	1		-1	53	3	1	
20	20	0	1/16		1/16	1		3	57	1	1	
20	20	0	1/8		1/8	1		-1	65	2	1	
20	20	1/16	1/16		1/16	1		-1	65	1	1	
20	20	1/8	1/8		1/8	1		3	45	4	1	
20	20	1/8	1/8		1/8	1		-1	53	3	1	
20	20	3/16	1/16		1/16	1		7	61	1	1	
20	20	1/4	1/16		1/16	1		4	64	1	1	
20	20	5/16	1/16		1/16	1		2	62	1	1	
20	20	3/8	1/8		1/8	1		-2	46	4	1	
20	20	3/8	1/8		1/8	1		-1	53	3	1	
20	20	3/8	1/8		1/8	1		-2	58	2	1	
20	20	3/8	1/8		1/8	1		2	62	2	1	
20	20	7/16	1/16		1/16	1		4	64	1	1	
20	20	1/2	1/16		1/16	1		1	67	1	1	
20	20	9/16	1/16		1/16	1		-1	65	1	1	
20	20	5/8	1/16		1/16	1		6	66	1	1	
20	20	11/16	1/16		1/16	1		3	69	1	1	
21	21	0	1/16		1/16	1		3	69	1	1	
21	21	1/16	1/16		1/16	1		1	67	1	1	
21	21	1/8	1/8		1/8	1		-2	46	4	1	
21	21	1/8	1/8		1/8	1		1	55	2	1	
21	21	1/8	1/8		1/8	1		1	55	3	1	
21	21	1/8	1/8		1/8	1		2	62	3	1	
21	21	1/8	1/8		1/8	1		-1	65	2	1	
21	21	3/16	1/16		1/16	1		3	69	1	1	
21	21	1/4	1/16		1/16	1		0	72	1	1	
21	21	5/16	1/16		1/16	1		-2	70	1	1	
21	21	3/8	1/16		1/16	1		7	73	1	1	
21	21	7/16	1/16		1/16	1		4	76	1	1	
21	21	1/2	1/16		1/16	1		4	76	1	1	
21	21	9/16	1/16		1/16	1		2	74	1	1	
21	21	5/8	1/8		1/8	1		-2	58	4	1	
21	21	5/8	1/8		1/8	1		2	62	3	1	
21	21	5/8	1/8		1/8	1		-1	65	2	1	
21	21	11/16	1/16		1/16	1		4	76	1	1	
22	22	0	1/16		1/16	1		1	79	1	1	
22	22	1/16	1/16		1/16	1		-1	77	1	1	
22	22	1/8	1/8		1/8	1		5	59	4	1	
22	22	1/8	1/8		1/8	1		-1	65	2	1	
22	22	1/8	1/8		1/8	1		1	67	3	1	
22	22	1/8	1/8		1/8	1		2	74	2	1	
22	22	3/16	1/16		1/16	1		4	76	1	1	
22	22	1/4	1/16		1/16	1		1	79	1	1	
22	22	5/16	1/16		1/16	1		-1	77	1	1	
22	22	3/8	1/16		1/16	1		8	80	1	1	
22	22	7/16	1/16		1/16	1		5	83	1	1	
22	22	1/2	1/12		1/8	2/3		5	83	1	1	
22	22	7/12	1/12		1/8	2/3		3	81	1	1	
22	22	2/3	1/12		1/8	2/3		1	79	1	1	
23	23	0	3/8		1/4	3/2		-1	89	1	1	
23	23	3/8	1/8		1/8	1		2	74	1	1	
23	23	1/2	1/8		1/8	1		4	76	1	1	
23	23	5/8	1/8		1/8	1		-1	77	1	1	
24	24	3/8	1/8		1/8	1		2	62	1	1	
24	24	1/2	1/8		1/8	1		4	64	1	1	
24	24	5/8	1/8		1/8	1		-1	65	1	1	
25	25	0	3/8		1/4	3/2		0	60	1	1	
25	25	1/8	1/8		1/8	1		0	48	4	1	
25	25	1/8	1/8		1/8	1		-1	53	3	1	
25	25	1/8	1/8		1/8	1		3	57	2	1	
25	25	1/4	1/8		1/8	1		-2	46	4	1	
25	25	1/4	1/8		1/8	1		4	52	3	1	
25	25	1/4	1/8		1/8	1		1	55	2	1	
25	25	3/8	1/8		1/8	1		3	45	4	1	
25	25	3/8	1/8		1/8	1	1	-1	53	3	1	
25	25	3/8	1/8		1/8	1		0	60	1	1	
25	25	3/8	1/8		1/8	1		0	60	2	1	
25	25	1/2	1/8		1/8	1		1	43	4	1	
25	25	1/2	1/8		1/8	1	-1	-1	53	3	1	
25	25	1/2	1/4		1/4	1	1	-2	58	2	1	
25	25	1/2	1/8		1/8	1		2	62	1	1	
25	25	5/8	1/8		1/8	1		0	48	3	1	
25	25	5/8	1/8		1/8	1		0	48	4	1	
25	25	5/8	1/8		1/8	1		4	64	1	1	
26	26	0	1/8		1/8	1	-1	-2	58	2	1	
26	26	0	1/8		1/8	1		1	67	1	1	
26	26	1/8	1/8		1/8	1		0	48	4	1	
26	26	1/8	1/8		1/8	1		-1	53	3	1	
26	26	1/8	1/8		1/8	1		3	57	2	1	
26	26	1/8	1/8		1/8	1		-1	65	1	1	
26	26	1/4	1/8		1/8	1		-2	46	4	1	
26	26	1/4	1/8		1/8	1		4	52	3	1	
26	26	1/4	1/8		1/8	1		1	55	2	1	
26	26	3/8	1/8		1/8	1		3	45	4	1	
26	26	3/8	1/8		1/8	1	1	-1	53	3	1	
26	26	3/8	1/8		1/8	1		0	60	1	1	
26	26	3/8	1/8		1/8	1		0	60	2	1	
26	26	1/2	1/8		1/8	1		1	43	4	1	
26	26	1/2	1/8		1/8	1	-1	-1	53	3	1	
26	26	1/2	1/4		1/4	1	1	-2	58	2	1	
26	26	1/2	1/8		1/8	1		2	62	1	1	
26	26	5/8	1/8		1/8	1	1	0	48	3	1	
26	26	5/8	1/8		1/8	1		0	48	4	1	
26	26	5/8	1/8		1/8	1		4	64	1	1	
27	27	0	1/8		1/8	1	-1	0	48	3	1	
27	27	0	1/8		1/8	1	-1	-2	58	2	1	
27	27	0	1/8		1/8	1		1	67	1	1	
27	27	1/8	1/8		1/8	1		0	48	4	1	
27	27	1/8	1/8		1/8	1		-1	53	3	1	
27	27	1/8	1/8		1/8	1		3	57	2	1	
27	27	1/8	1/8		1/8	1		-1	65	1	1	
27	27	1/4	1/8		1/8	1		-2	46	4	1	
27	27	1/4	1/8		1/8	1		4	52	3	1	
27	27	1/4	1/8		1/8	1		1	55	2	1	
27	27	3/8	1/8		1/8	1		3	45	4	1	
27	27	3/8	1/8		1/8	1		-1	53	3	1	
27	27	3/8	1/8		1/8	1		0	60	1	1	
27	27	3/8	1/8		1/8	1		0	60	2	1	
27	27	1/2	1/8		1/8	1		1	43	4	1	
27	27	1/2	1/8		1/8	1		-1	53	3	1	
27	27	1/2	1/4		1/4	1	1	-2	58	2	1	
27	27	1/2	1/8		1/8	1		2	62	1	1	
27	27	5/8	1/8		1/8	1		0	36	4	1	
27	27	5/8	1/8		1/8	1		4	52	3	1	
27	27	5/8	1/8		1/8	1		4	64	1	1	
28	28	0	1/4		1/4	1		-1	41	4	1	
28	28	0	1/8		1/8	1	-1	-2	58	2	1	
28	28	0	1/8		1/8	1		1	67	1	1	
28	28	1/8	1/8		1/8	1		-1	53	3	1	
28	28	1/8	1/8		1/8	1		3	57	2	1	
28	28	1/8	1/4		1/4	1		-1	65	1	1	
28	28	1/4	1/4		1/4	1		-1	41	4	1	
28	28	1/4	1/8		1/8	1		-3	51	3	1	
28	28	1/4	1/8		1/8	1		0	60	2	1	
28	28	3/8	1/8		1/8	1		2	50	3	1	
28	28	3/8	1/8		1/8	1		-2	58	2	1	
28	28	3/8	1/8		1/8	1		-1	65	1	1	
28	28	1/2	1/4		1/4	1		-1	41	4	1	
28	28	1/2	1/8		1/8	1		0	48	3	1	
28	28	1/2	1/4		1/4	1		-3	63	2	1	
28	28	1/2	1/8		1/8	1		1	67	1	1	
28	28	5/8	1/8		1/8	1		-1	53	3	1	
28	28	5/8	1/8		1/8	1		3	69	1	1	
29	29	0	1/2		1/2	1		1	43	4	1	
29	29	0	1/4		1/4	1		-3	51	3	1	
29	29	0	1/4		1/4	1		3	57	2	1	
29	29	0	1/4		1/4	1		0	72	1	1	
29	29	1/4	1/4		1/4	1		2	50	3	1	
29	29	1/4	1/2		1/2	1	1	-2	58	2	1	
29	29	1/4	1/8		1/8	1		-2	70	1	1	
29	29	1/2	1/4		1/4	1		2	38	4	1	
29	29	1/2	1/4		1/4	1		-1	53	3	1	
29	29	1/2	3/16		1/8	3/2		-2	70	1	1	
29	29	11/16	1/16		1/16	1		2	62	1	1	
30	30	0	1/4		1/4	1		-3	39	4	1	
30	30	0	1/4		1/4	1		1	55	3	1	
30	30	0	1/4		1/4	1	-1	-2	58	2	1	
30	30	0	3/8		1/4	3/2		0	60	1	1	
30	30	1/4	1/4		1/4	1		-1	41	4	1	
30	30	1/4	1/4		1/4	1		-1	53	3	1	
30	30	1/4	1/4		1/4	1		-2	58	2	1	
30	30	3/8	1/8		1/8	1		0	60	1	1	
30	30	1/2	1/4		1/4	1		-1	41	4	1	
30	30	1/2	1/4		1/4	1		-1	53	3	1	
30	30	1/2	1/4		1/4	1	1	3	57	2	1	
30	30	1/2	3/16		1/8	3/2		-1	65	1	1	
30	30	11/16	1/16		1/16	1		0	60	1	1	
31	31	0	1/2		1/2	1		-2	46	4	1	
31	31	0	1/2		1/2	1		-1	53	3	1	
31	31	0	1/4		1/4	1	-1	3	57	2	1	
31	31	0	1/4		1/4	1		-3	63	1	1	
31	31	1/4	1/4		1/4	1		-2	58	2	1	
31	31	1/4	1/8		1/8	1		2	62	1	1	
31	31	1/2	1/4		1/4	1		0	48	4	1	
31	31	1/2	1/4		1/4	1		-3	51	3	1	
31	31	1/2	1/4		1/4	1		3	57	2	1	
31	31	1/2	1/4		1/4	1		-1	65	1	1	
32	32	0	1/4		1/4	1		2	50	4	1	
32	32	0	1/4		1/4	1		-1	53	3	1	
32	32	0	1/4		1/4	1		-2	58	2	1	
32	32	0	1/2		1/2	1		-2	70	1	1	
32	32	1/4	1/4		1/4	1		-3	51	4	1	
32	32	1/4	1/4		1/4	1		1	55	3	1	
32	32	1/4	1/4		1/4	1		0	60	2	1	
32	32	1/2	1/4		1/4	1		0	48	4	1	
32	32	1/2	1/8		1/8	1		-1	65	3	1	
32	32	1/2	1/4		1/4	1		1	67	2	1	
32	32	1/2	1/12		1/8	2/3		2	74	1	1	
32	32	7/12	1/12		1/8	2/3		0	72	1	1	
32	32	5/8	1/8		1/8	1		-3	63	3	1	
32	32	2/3	1/12		1/8	2/3		-2	70	1	1	
33	33	0	1/2		1/2	1		-1	53	4	1	
33	33	0	1/4		1/4	1		2	62	3	1	
33	33	0	1/4		1/4	1		-1	65	2	1	
33	33	0	1/4		1/4	1		-2	70	1	1	
33	33	1/4	1/4		1/4	1		0	60	3	1	
33	33	1/4	1/4		1/4	1		-3	63	2	1	
33	33	1/4	1/4		1/4	1		3	69	1	1	
33	33	1/2	1/4		1/4	1		1	55	4	1	
33	33	1/2	1/4		1/4	1		-2	58	3	1	
33	33	1/2	1/4		1/4	1		2	62	2	1	
33	33	1/2	1/4		1/4	1		-2	70	1	1	
34	34	0	1/4		1/4	1		3	57	3	1	
34	34	0	1/4		1/4	1		3	57	4	1	
34	34	0	1/4		1/4	1		-1	65	2	1	
34	34	0	1/4		1/4	1		0	72	1	1	
34	34	1/4	3/8		1/4	3/2		1	55	3	1	
34	34	1/4	3/8		1/4	3/2		5	59	4	1	
34	34	1/4	3/8		1/4	3/2		2	62	3	1	
34	34	1/4	1/2		1/2	1		2	74	1	1	
34	34	1/4	1/4		1/4	1	1	1	79	2	1	
34	34	1/4	1/2		1/2	1	1	1	79	1	1	
34	34	1/2	1/16		1/16	1	-1	1	79	2	1	
34	34	9/16	1/16		1/16	1		-1	77	2	1	
34	34	5/8	1/8		1/8	1		1	55	3	1	
34	34	5/8	1/16		1/16	1		-3	75	2	1	
34	34	11/16	1/16		1/16	1		2	74	2	1	
35	35	0	1/4		1/4	1		0	36	4	1	
35	35	0	1/8		1/8	1		-3	51	3	1	
35	35	0	1/16		1/16	1		-1	77	2	1	
35	35	0	1/8		1/8	1	-1	1	79	1	1	
35	35	1/16	1/16		1/16	1		-3	75	2	1	
35	35	1/8	1/8		1/8	1		1	55	3	1	
35	35	1/8	1/16		1/16	1		2	74	2	1	
35	35	1/8	1/4		1/4	1		1	79	1	1	
35	35	3/16	1/16		1/16	1		0	72	2	1	
35	35	1/4	1/4		1/4	1		2	38	4	1	
35	35	1/4	1/8		1/8	1		-1	53	3	1	
35	35	1/4	1/16		1/16	1		0	72	2	1	
35	35	5/16	1/16		1/16	1		5	71	2	1	
35	35	3/8	1/8		1/8	1		1	55	3	1	
35	35	3/8	1/16		1/16	1		0	72	2	1	
35	35	3/8	1/4		1/4	1		1	79	1	1	
35	35	7/16	1/16		1/16	1		2	74	2	1	
35	35	1/2	1/4		1/4	1		-3	39	4	1	
35	35	1/2	1/8		1/8	1		0	48	3	1	
35	35	1/2	1/16		1/16	1		2	74	2	1	
35	35	9/16	1/16		1/16	1		0	72	2	1	
35	35	5/8	1/8		1/8	1	1	1	55	3	1	
35	35	5/8	1/16		1/16	1		-2	70	2	1	
35	35	5/8	1/8		1/8	1		1	79	1	1	
35	35	11/16	1/16		1/16	1		3	69	2	1	
36	36	0	1/8		1/8	1		4	40	4	1	
36	36	0	1/16		1/16	1	-1	1	55	3	1	
36	36	0	1/16		1/16	1		3	69	2	1	
36	36	0	1/8		1/8	1		0	84	1	1	
36	36	1/16	1/16		1/16	1		-2	58	3	1	
36	36	1/16	1/16		1/16	1		1	67	2	1	
36	36	1/8	1/8		1/8	1		0	48	4	1	
36	36	1/8	1/16		1/16	1		0	60	3	1	
36	36	1/8	1/16		1/16	1		3	69	2	1	
36	36	1/8	1/4		1/4	1		0	84	1	1	
36	36	3/16	1/16		1/16	1		2	62	3	1	
36	36	3/16	1/16		1/16	1		-2	70	2	1	
36	36	1/4	1/8		1/8	1		-1	41	4	1	
36	36	1/4	1/16		1/16	1		2	62	3	1	
36	36	1/4	1/16		1/16	1		-2	70	2	1	
36	36	5/16	1/16		1/16	1		0	60	3	1	
36	36	5/16	1/16		1/16	1		3	69	2	1	
36	36	3/8	1/8		1/8	1		0	48	4	1	
36	36	3/8	1/16		1/16	1		-2	58	3	1	
36	36	3/8	1/16		1/16	1		1	67	2	1	
36	36	3/8	1/4		1/4	1		0	84	1	1	
36	36	7/16	1/16		1/16	1		3	57	3	1	
36	36	7/16	1/16		1/16	1		-1	65	2	1	
36	36	1/2	1/8		1/8	1		-2	46	4	1	
36	36	1/2	1/4		1/4	1		1	55	3	1	
36	36	1/2	1/16		1/16	1		-1	65	2	1	
36	36	9/16	1/16		1/16	1		4	64	2	1	
36	36	5/8	1/8		1/8	1		0	48	4	1	
36	36	5/8	1/16		1/16	1		-1	65	2	1	
36	36	5/8	1/8		1/8	1	1	0	84	1	1	
36	36	11/16	1/16		1/16	1	1	1	67	2	1	
37	37	0	1/8		1/8	1		3	45	4	1	
37	37	0	1/4		1/4	1		0	60	3	1	
37	37	0	1/16		1/16	1	-1	1	67	2	1	
37	37	0	1/8		1/8	1	-1	0	84	1	1	
37	37	1/16	1/16		1/16	1		-1	65	2	1	
37	37	1/8	1/8		1/8	1		0	48	4	1	
37	37	1/8	1/16		1/16	1		-3	63	2	1	
37	37	1/8	1/8		1/8	1	1	-1	89	1	1	
37	37	3/16	1/16		1/16	1		2	62	2	1	
37	37	1/4	1/8		1/8	1		3	45	4	1	
37	37	1/4	1/8		1/8	1		0	60	2	1	
37	37	1/4	1/16		1/16	1	-1	-1	89	1	1	
37	37	5/16	1/16		1/16	1		-3	75	3	1	
37	37	5/16	1/16		1/16	1		-3	87	1	1	
37	37	3/8	1/8		1/8	1		-1	53	4	1	
37	37	3/8	1/8		1/8	1		-3	63	2	1	
37	37	3/8	1/16		1/16	1		2	74	3	1	
37	37	3/8	1/16		1/16	1		2	86	1	1	
37	37	7/16	1/16		1/16	1		7	73	3	1	
37	37	7/16	1/16		1/16	1		7	85	1	1	
37	37	1/2	1/8		1/8	1		-2	46	4	1	
37	37	1/2	1/8		1/8	1		2	62	2	1	
37	37	1/2	1/16		1/16	1		-3	75	3	1	
37	37	1/2	1/16		1/16	1		-3	87	1	1	
37	37	9/16	1/16		1/16	1		2	74	3	1	
37	37	9/16	1/16		1/16	1		2	86	1	1	
37	37	5/8	1/8		1/8	1		-1	53	4	1	
37	37	5/8	1/8		1/8	1		-1	65	2	1	
37	37	5/8	1/16		1/16	1		0	72	3	1	
37	37	5/8	1/16		1/16	1		0	84	1	1	
37	37	11/16	1/16		1/16	1		-2	70	3	1	
37	37	11/16	1/16		1/16	1		-2	82	1	1	
38	38	0	1/8		1/8	1		0	48	4	1	
38	38	0	1/8		1/8	1		-3	63	3	1	
38	38	0	1/16		1/16	1		-2	70	2	1	
38	38	0	1/16		1/16	1		-2	82	1	1	
38	38	1/16	1/16		1/16	1		3	69	2	1	
38	38	1/16	1/16		1/16	1		3	81	1	1	
38	38	1/8	1/8		1/8	1		-1	41	4	1	
38	38	1/8	1/4		1/4	1		-1	65	3	1	
38	38	1/8	1/16		1/16	1		-2	70	2	1	
38	38	1/8	1/16		1/16	1		-2	82	1	1	
38	38	3/16	1/16		1/16	1		0	72	2	1	
38	38	3/16	1/16		1/16	1		0	84	1	1	
38	38	1/4	1/8		1/8	1		2	38	4	1	
38	38	1/4	1/16		1/16	1		0	72	2	1	
38	38	1/4	1/16		1/16	1		0	84	1	1	
38	38	5/16	1/16		1/16	1		-2	70	2	1	
38	38	5/16	1/16		1/16	1		-2	82	1	1	
38	38	3/8	1/8		1/8	1		-2	46	4	1	
38	38	3/8	1/8		1/8	1		-2	58	3	1	
38	38	3/8	1/16		1/16	1		-4	68	2	1	
38	38	3/8	1/16		1/16	1		-4	80	1	1	
38	38	7/16	1/16		1/16	1		1	67	2	1	
38	38	7/16	1/16		1/16	1		1	79	1	1	
38	38	1/2	1/8		1/8	1		2	38	4	1	
38	38	1/2	1/8		1/8	1		-4	56	3	1	
38	38	1/2	1/16		1/16	1		1	67	2	1	
38	38	1/2	1/16		1/16	1		1	79	1	1	
38	38	9/16	1/16		1/16	1		-1	65	2	1	
38	38	9/16	1/16		1/16	1		-1	77	1	1	
38	38	5/8	1/8		1/8	1		-2	46	4	1	
38	38	5/8	1/8		1/8	1		-1	53	3	1	
38	38	5/8	1/16		1/16	1		1	67	2	1	
38	38	5/8	1/16		1/16	1		1	79	1	1	
38	38	11/16	1/16		1/16	1		-4	68	2	1	
38	38	11/16	1/16		1/16	1		-4	80	1	1	
39	39	0	1/8		1/8	1		-3	39	4	1	
39	39	0	1/8		1/8	1		-3	51	3	1	
39	39	0	1/16		1/16	1		-4	68	2	1	
39	39	0	1/16		1/16	1		-4	80	1	1	
39	39	1/16	1/16		1/16	1		1	67	2	1	
39	39	1/16	1/16		1/16	1		1	79	1	1	
39	39	1/8	1/8		1/8	1		1	43	4	1	
39	39	1/8	1/8		1/8	1		-2	58	3	1	
39	39	1/8	1/16		1/16	1		-1	65	2	1	
39	39	1/8	1/16		1/16	1		-1	77	1	1	
39	39	3/16	1/16		1/16	1		-3	63	2	1	
39	39	3/16	1/16		1/16	1		-3	75	1	1	
39	39	1/4	1/4		1/4	1		-4	44	4	1	
39	39	1/4	1/4		1/4	1	1	5	59	3	1	
39	39	1/4	1/8		1/8	1		-1	65	2	1	
39	39	1/4	1/16		1/16	1		-3	75	1	1	
39	39	5/16	1/16		1/16	1		2	74	1	1	
39	39	3/8	1/8		1/8	1		-1	65	2	1	
39	39	3/8	1/16		1/16	1		-3	75	1	1	
39	39	7/16	1/16		1/16	1		-1	77	1	1	
39	39	1/2	1/4		1/4	1		1	43	4	1	
39	39	1/2	1/16		1/16	1	-1	5	59	3	1	
39	39	1/2	1/16		1/16	1		-4	68	2	1	
39	39	1/2	1/16		1/16	1		-1	77	1	1	
39	39	9/16	1/16		1/16	1		0	60	3	1	
39	39	9/16	1/16		1/16	1		1	67	2	1	
39	39	9/16	1/16		1/16	1		-3	75	1	1	
39	39	5/8	1/16		1/16	1		2	62	3	1	
39	39	5/8	1/16		1/16	1		-1	65	2	1	
39	39	5/8	1/16		1/16	1		2	74	1	1	
39	39	11/16	1/16		1/16	1		-3	63	2	1	
39	39	11/16	1/16		1/16	1		-3	63	3	1	
39	39	11/16	1/16		1/16	1		0	72	1	1	
40	40	0	1/4		1/4	1		1	43	4	1	
40	40	0	1/16		1/16	1		-3	63	3	1	
40	40	0	1/16		1/16	1		1	67	2	1	
40	40	0	1/16		1/16	1		0	72	1	1	
40	40	1/16	1/16		1/16	1		-1	65	3	1	
40	40	1/16	1/16		1/16	1		-4	68	2	1	
40	40	1/16	1/16		1/16	1		5	71	1	1	
40	40	1/8	1/16		1/16	1		-3	63	3	1	
40	40	1/8	1/16		1/16	1		1	67	2	1	
40	40	1/8	1/16		1/16	1		0	72	1	1	
40	40	3/16	1/16		1/16	1		2	62	3	1	
40	40	3/16	1/16		1/16	1		-1	65	2	1	
40	40	3/16	1/16		1/16	1		2	74	1	1	
40	40	1/4	1/16		1/16	1		2	62	3	1	
40	40	1/4	1/16		1/16	1		-1	65	2	1	
40	40	1/4	1/16		1/16	1		2	74	1	1	
40	40	5/16	1/16		1/16	1		-3	63	3	1	
40	40	5/16	1/16		1/16	1		1	67	2	1	
40	40	5/16	1/16		1/16	1		0	72	1	1	
40	40	3/8	1/16		1/16	1		2	62	3	1	
40	40	3/8	1/16		1/16	1		-1	65	2	1	
40	40	3/8	1/16		1/16	1		2	74	1	1	
40	40	7/16	1/16		1/16	1		0	60	3	1	
40	40	7/16	1/16		1/16	1		-3	63	2	1	
40	40	7/16	1/16		1/16	1		-3	75	1	1	
40	40	1/2	1/8		1/8	1		0	60	3	1	
40	40	1/2	1/16		1/16	1		-3	63	2	1	
40	40	1/2	1/8		1/8	1		1	79	1	1	
40	40	9/16	1/16		1/16	1		-4	44	4	1	
40	40	9/16	1/16		1/16	1		-1	65	2	1	
40	40	5/8	1/16		1/16	1		1	43	4	1	
40	40	5/8	1/16		1/16	1		0	60	3	1	
40	40	5/8	1/16		1/16	1		-3	63	2	1	
40	40	5/8	1/8		1/8	1	1	1	79	1	1	
40	40	11/16	1/16		1/16	1		-1	41	4	1	
40	40	11/16	1/16		1/16	1		5	59	3	1	
40	40	11/16	1/16		1/16	1		2	62	2	1	
41	41	0	1/16		1/16	1		-1	41	4	1	
41	41	0	1/16		1/16	1		5	59	3	1	
41	41	0	1/16		1/16	1		2	62	2	1	
41	41	0	1/8		1/8	1	-1	1	79	1	1	
41	41	1/16	1/16		1/16	1		1	43	4	1	
41	41	1/16	1/16		1/16	1		0	60	3	1	
41	41	1/16	1/16		1/16	1		-3	63	2	1	
41	41	1/8	1/16		1/16	1		-1	41	4	1	
41	41	1/8	1/16		1/16	1		5	59	3	1	
41	41	1/8	1/16		1/16	1		2	62	2	1	
41	41	1/8	1/8		1/8	1	1	1	79	1	1	
41	41	3/16	1/16		1/16	1		-3	39	4	1	
41	41	3/16	1/16		1/16	1		1	55	3	1	
41	41	3/16	1/16		1/16	1		0	60	2	1	
41	41	1/4	1/8		1/8	1		-3	39	4	1	
41	41	1/4	1/8		1/8	1		1	55	3	1	
41	41	1/4	1/8		1/8	1		0	60	2	1	
41	41	1/4	1/16		1/16	1	-1	1	79	1	1	
41	41	5/16	1/16		1/16	1		0	72	1	1	
41	41	3/8	1/4		1/4	1		-3	39	4	1	
41	41	3/8	1/4		1/4	1		0	48	4	1	
41	41	3/8	1/4		1/4	1		1	55	3	1	
41	41	3/8	1/4		1/4	1		-2	58	3	1	
41	41	3/8	1/4		1/4	1		0	60	2	1	
41	41	3/8	1/16		1/16	1		-2	82	1	1	
41	41	7/16	1/16		1/16	1		3	81	1	1	
41	41	1/2	1/16		1/16	1		6	78	1	1	
41	41	9/16	1/16		1/16	1		1	79	1	1	
41	41	5/8	1/8		1/8	1	1	-3	39	4	1	
41	41	5/8	1/8		1/8	1	1	0	48	4	1	
41	41	5/8	1/8		1/8	1	1	1	55	3	1	
41	41	5/8	1/8		1/8	1	1	-2	58	3	1	
41	41	5/8	1/8		1/8	1	1	0	60	2	1	
41	41	5/8	1/16		1/16	1		-3	75	1	1	
41	41	11/16	1/16		1/16	1		2	74	1	1	
42	42	0	1/16		1/16	1	-1	-3	39	4	1	
42	42	0	1/16		1/16	1	-1	0	48	4	1	
42	42	0	1/16		1/16	1	-1	1	55	3	1	
42	42	0	1/16		1/16	1	-1	-2	58	3	1	
42	42	0	1/16		1/16	1	-1	0	60	2	1	
42	42	0	3/16		1/8	3/2		2	74	1	1	
42	42	1/16	1/16		1/16	1		-3	51	4	1	
42	42	1/16	1/16		1/16	1		1	55	3	1	
42	42	1/16	1/16		1/16	1		0	60	2	1	
42	42	1/8	1/16		1/16	1		-3	51	4	1	
42	42	1/8	1/16		1/16	1		1	55	3	1	
42	42	1/8	1/16		1/16	1		0	60	2	1	
42	42	3/16	1/16		1/16	1		1	55	4	1	
42	42	3/16	1/16		1/16	1		-2	58	3	1	
42	42	3/16	1/16		1/16	1		-3	63	2	1	
42	42	3/16	1/16		1/16	1		0	72	1	1	
42	42	1/4	1/16		1/16	1		1	55	4	1	
42	42	1/4	1/8		1/8	1		-2	58	3	1	
42	42	1/4	1/16		1/16	1		-3	63	2	1	
42	42	1/4	1/4		1/4	1		0	72	1	1	
42	42	5/16	1/16		1/16	1		-1	53	4	1	
42	42	5/16	1/16		1/16	1		2	62	2	1	
42	42	3/8	1/16		1/16	1		-1	53	4	1	
42	42	3/8	1/8		1/8	1	1	-2	58	3	1	
42	42	3/8	1/16		1/16	1		2	62	2	1	
42	42	7/16	1/16		1/16	1		4	52	4	1	
42	42	7/16	1/16		1/16	1		0	60	2	1	
42	42	1/2	1/8		1/8	1		4	52	4	1	
42	42	1/2	1/8		1/8	1	-1	-2	58	3	1	
42	42	1/2	1/8		1/8	1		0	60	2	1	
42	42	9/16	1/16		1/16	1		0	72	1	1	
42	42	5/8	1/8		1/8	1	1	4	52	4	1	
42	42	5/8	1/8		1/8	1	1	1	55	2	1	
42	42	5/8	1/8		1/8	1	1	-2	58	3	1	
42	42	5/8	1/8		1/8	1	1	0	60	4	1	
42	42	5/8	1/8		1/8	1	1	1	67	2	1	
42	42	5/8	1/16		1/16	1		-2	82	1	1	
42	42	11/16	1/16		1/16	1		3	81	1	1	
43	43	0	1/8		1/8	1	-1	4	52	4	1	
43	43	0	1/8		1/8	1	-1	1	55	2	1	
43	43	0	1/8		1/8	1	-1	-2	58	3	1	
43	43	0	1/8		1/8	1	-1	0	60	4	1	
43	43	0	1/8		1/8	1	-1	1	67	2	1	
43	43	0	1/16		1/16	1		6	78	1	1	
43	43	1/16	1/16		1/16	1		1	79	1	1	
43	43	1/8	1/8		1/8	1	1	4	52	4	1	
43	43	1/8	1/8		1/8	1		1	55	2	1	
43	43	1/8	1/8		1/8	1	1	-2	58	3	1	
43	43	1/8	1/8		1/8	1	1	0	60	4	1	
43	43	1/8	1/8		1/8	1		1	67	2	1	
43	43	1/8	1/16		1/16	1		4	76	1	1	
43	43	3/16	1/16		1/16	1		2	74	1	1	
43	43	1/4	1/16		1/16	1	-1	4	52	4	1	
43	43	1/4	1/16		1/16	1	-1	-2	58	3	1	
43	43	1/4	1/16		1/16	1	-1	0	60	4	1	
43	43	1/4	3/16		1/8	3/2		2	74	1	1	
43	43	5/16	1/16		1/16	1		4	52	4	1	
43	43	5/16	1/16		1/16	1		1	55	3	1	
43	43	5/16	1/16		1/16	1		0	60	2	1	
43	43	3/8	1/16		1/16	1		4	52	4	1	
43	43	3/8	1/16		1/16	1		1	55	3	1	
43	43	3/8	1/16		1/16	1		0	60	2	1	
43	43	7/16	1/16		1/16	1		1	55	4	1	
43	43	7/16	1/16		1/16	1		-2	58	3	1	
43	43	7/16	1/16		1/16	1		4	64	2	1	
43	43	7/16	1/16		1/16	1		0	72	1	1	
43	43	1/2	1/16		1/16	1		1	55	4	1	
43	43	1/2	1/16		1/16	1		-2	58	3	1	
43	43	1/2	1/16		1/16	1		4	64	2	1	
43	43	1/2	1/4		1/4	1		0	72	1	1	
43	43	9/16	1/16		1/16	1		-1	53	4	1	
43	43	9/16	1/16		1/16	1		3	57	3	1	
43	43	9/16	1/16		1/16	1		2	62	2	1	
43	43	5/8	1/16		1/16	1		-1	53	4	1	
43	43	5/8	1/16		1/16	1		3	57	3	1	
43	43	5/8	1/16		1/16	1		2	62	2	1	
43	43	11/16	1/16		1/16	1		4	52	4	1	
43	43	11/16	1/16		1/16	1		1	55	3	1	
43	43	11/16	1/16		1/16	1		0	60	2	1	
44	44	0	1/8		1/8	1		4	52	4	1	
44	44	0	1/8		1/8	1		1	55	3	1	
44	44	0	1/8		1/8	1		0	60	2	1	
44	44	1/16	1/16		1/16	1		0	72	1	1	
44	44	1/8	1/4		1/4	1		4	52	4	1	
44	44	1/8	1/4		1/4	1		1	55	2	1	
44	44	1/8	1/4		1/4	1		-2	58	3	1	
44	44	1/8	1/4		1/4	1		0	60	4	1	
44	44	1/8	1/4		1/4	1		1	67	2	1	
44	44	1/8	1/16		1/16	1		-2	82	1	1	
44	44	3/16	1/16		1/16	1		3	81	1	1	
44	44	1/4	1/16		1/16	1		6	78	1	1	
44	44	5/16	1/16		1/16	1		1	79	1	1	
44	44	3/8	1/4		1/4	1		4	52	4	1	
44	44	3/8	1/4		1/4	1		1	55	2	1	
44	44	3/8	1/4		1/4	1		-2	58	3	1	
44	44	3/8	1/4		1/4	1		0	60	4	1	
44	44	3/8	1/4		1/4	1		1	67	2	1	
44	44	3/8	1/16		1/16	1		4	76	1	1	
44	44	7/16	1/16		1/16	1		0	72	1	1	
44	44	1/2	1/16		1/16	1		6	78	1	1	
44	44	9/16	1/16		1/16	1		1	79	1	1	
44	44	5/8	1/8		1/8	1		4	52	4	1	
44	44	5/8	1/8		1/8	1		1	55	2	1	
44	44	5/8	1/8		1/8	1		-2	58	3	1	
44	44	5/8	1/8		1/8	1		0	60	4	1	
44	44	5/8	1/8		1/8	1		1	67	2	1	
44	44	5/8	1/16		1/16	1		4	76	1	1	
44	44	11/16	1/16		1/16	1		0	72	1	1	
45	45	0	1/16		1/16	1		-1	41	4	1	
45	45	0	1/16		1/16	1		3	57	3	1	
45	45	0	1/16		1/16	1		-3	63	2	1	
45	45	0	1/8		1/8	1		0	84	1	1	
45	45	1/16	1/16		1/16	1		0	48	4	1	
45	45	1/16	1/16		1/16	1		-1	53	3	1	
45	45	1/16	1/16		1/16	1		-1	65	2	1	
45	45	1/8	1/16		1/16	1		1	43	4	1	
45	45	1/8	1/16		1/16	1		-2	58	3	1	
45	45	1/8	1/16		1/16	1		-3	63	2	1	
45	45	1/8	1/8		1/8	1		-2	82	1	1	
45	45	3/16	1/16		1/16	1		-1	53	3	1	
45	45	3/16	1/16		1/16	1		-1	53	4	1	
45	45	3/16	1/16		1/16	1		-1	65	2	1	
45	45	1/4	1/16		1/16	1		3	45	4	1	
45	45	1/4	1/16		1/16	1		0	60	3	1	
45	45	1/4	1/16		1/16	1		-3	63	2	1	
45	45	1/4	1/8		1/8	1		3	81	1	1	
45	45	5/16	1/16		1/16	1		-1	53	4	1	
45	45	5/16	1/16		1/16	1		-3	63	3	1	
45	45	5/16	1/16		1/16	1		-1	65	2	1	
45	45	3/8	1/16		1/16	1		-2	46	4	1	
45	45	3/8	1/16		1/16	1		2	62	3	1	
45	45	3/8	1/16		1/16	1		-3	63	2	1	
45	45	3/8	1/8		1/8	1		1	79	1	1	
45	45	7/16	1/16		1/16	1		-1	53	4	1	
45	45	7/16	1/16		1/16	1		-3	63	3	1	
45	45	7/16	1/16		1/16	1		-1	65	2	1	
45	45	1/2	1/16		1/16	1		3	45	4	1	
45	45	1/2	1/16		1/16	1		0	60	3	1	
45	45	1/2	1/16		1/16	1		-3	63	2	1	
45	45	1/2	3/16		1/8	3/2		-1	77	1	1	
45	45	9/16	1/16		1/16	1		-1	53	4	1	
45	45	9/16	1/16		1/16	1		-3	63	3	1	
45	45	9/16	1/16		1/16	1		-1	65	2	1	
45	45	5/8	1/16		1/16	1		1	43	4	1	
45	45	5/8	1/16		1/16	1		-2	58	3	1	
45	45	5/8	1/16		1/16	1		-3	63	2	1	
45	45	11/16	1/16		1/16	1		-1	53	4	1	
45	45	11/16	1/16		1/16	1		-3	63	3	1	
45	45	11/16	1/16		1/16	1		-1	65	2	1	
45	45	11/16	1/16		1/16	1		-1	77	1	1	
46	46	0	1/8		1/8	1		-1	41	4	1	
46	46	0	1/16		1/16	1		3	57	3	1	
46	46	0	1/16		1/16	1		-3	75	2	1	
46	46	0	1/8		1/8	1		0	84	1	1	
46	46	1/16	1/16		1/16	1		-3	63	3	1	
46	46	1/16	1/16		1/16	1		-1	65	2	1	
46	46	1/8	1/16		1/16	1		1	43	4	1	
46	46	1/8	1/16		1/16	1		-2	58	3	1	
46	46	1/8	1/16		1/16	1		-3	75	2	1	
46	46	1/8	1/8		1/8	1		-2	82	1	1	
46	46	3/16	1/16		1/16	1		-1	53	4	1	
46	46	3/16	1/16		1/16	1		-3	63	3	1	
46	46	3/16	1/16		1/16	1		-1	65	2	1	
46	46	1/4	1/16		1/16	1		3	45	4	1	
46	46	1/4	1/16		1/16	1		0	60	3	1	
46	46	1/4	1/16		1/16	1		-3	75	2	1	
46	46	1/4	1/8		1/8	1		3	81	1	1	
46	46	5/16	1/16		1/16	1		-1	53	4	1	
46	46	5/16	1/16		1/16	1		-3	63	3	1	
46	46	5/16	1/16		1/16	1		-1	65	2	1	
46	46	3/8	1/16		1/16	1		-2	46	4	1	
46	46	3/8	1/16		1/16	1		2	62	3	1	
46	46	3/8	1/16		1/16	1		-3	75	2	1	
46	46	3/8	1/8		1/8	1		1	79	1	1	
46	46	7/16	1/16		1/16	1		-1	53	4	1	
46	46	7/16	1/16		1/16	1		-3	63	3	1	
46	46	7/16	1/16		1/16	1		-1	65	2	1	
46	46	1/2	1/16		1/16	1		3	45	4	1	
46	46	1/2	1/16		1/16	1		0	60	3	1	
46	46	1/2	1/16		1/16	1		-3	75	2	1	
46	46	1/2	3/16		1/8	3/2		-1	77	1	1	
46	46	9/16	1/16		1/16	1		-1	53	4	1	
46	46	9/16	1/16		1/16	1		-3	63	3	1	
46	46	9/16	1/16		1/16	1		-1	65	2	1	
46	46	5/8	1/16		1/16	1		1	43	4	1	
46	46	5/8	1/16		1/16	1		-2	58	3	1	
46	46	5/8	1/16		1/16	1		-3	75	2	1	
46	46	11/16	1/16		1/16	1		-1	53	4	1	
46	46	11/16	1/16		1/16	1		-3	63	3	1	
46	46	11/16	1/16		1/16	1		-1	65	2	1	
46	46	11/16	1/16		1/16	1		-1	77	1	1	
47	47	0	1/16		1/16	1		-1	41	4	1	
47	47	0	1/16		1/16	1		3	57	3	1	
47	47	0	1/8		1/8	1		0	60	2	1	
47	47	0	1/4		1/4	1	1	-3	87	1	1	
47	47	1/16	1/16		1/16	1		3	45	4	1	
47	47	1/16	1/16		1/16	1		-1	53	3	1	
47	47	1/8	1/16		1/16	1		0	48	4	1	
47	47	1/8	1/16		1/16	1		3	57	3	1	
47	47	1/8	1/16		1/16	1		-3	63	2	1	
47	47	3/16	1/16		1/16	1		-1	53	4	1	
47	47	3/16	1/16		1/16	1		0	60	3	1	
47	47	3/16	1/16		1/16	1		3	69	2	1	
47	47	1/4	1/16		1/16	1		3	57	4	1	
47	47	1/4	1/16		1/16	1		-1	65	3	1	
47	47	1/4	1/16		1/16	1		0	72	2	1	
47	47	1/4	1/16		1/16	1	-1	-3	87	1	1	
47	47	5/16	1/16		1/16	1		0	60	4	1	
47	47	5/16	1/16		1/16	1		3	69	2	1	
47	47	5/16	1/16		1/16	1		3	69	3	1	
47	47	5/16	1/16		1/16	1		0	84	1	1	
47	47	3/8	1/16		1/16	1		-3	63	4	1	
47	47	3/8	1/16		1/16	1		-1	65	2	1	
47	47	3/8	1/16		1/16	1		0	72	3	1	
47	47	3/8	1/16		1/16	1		3	81	1	1	
47	47	7/16	1/16		1/16	1		0	60	4	1	
47	47	7/16	1/16		1/16	1		3	69	2	1	
47	47	7/16	1/16		1/16	1		3	69	3	1	
47	47	7/16	1/16		1/16	1		-1	77	1	1	
47	47	1/2	1/8		1/8	1		3	57	4	1	
47	47	1/2	1/8		1/8	1		-1	65	3	1	
47	47	1/2	1/16		1/16	1		0	72	2	1	
47	47	1/2	1/16		1/16	1		-3	75	1	1	
47	47	9/16	1/16		1/16	1		3	69	2	1	
47	47	9/16	1/16		1/16	1		0	72	1	1	
47	47	5/8	1/8		1/8	1		-1	41	4	1	
47	47	5/8	1/8		1/8	1	1	3	57	3	1	
47	47	5/8	1/16		1/16	1		-3	63	2	1	
47	47	5/8	1/16		1/16	1		3	69	1	1	
47	47	11/16	1/16		1/16	1		0	60	2	1	
47	47	11/16	1/16		1/16	1		-3	63	1	1	
48	48	0	1/8		1/8	1		6	42	4	1	
48	48	0	1/8		1/8	1	-1	3	57	3	1	
48	48	0	1/8		1/8	1		0	60	2	1	
48	48	0	1/8		1/8	1		2	62	1	1	
48	48	1/8	0	grace16	1/16	1		-3	63	1	1	
48	48	1/8	1/8		1/8	1		1	43	4	1	
48	48	1/8	1/8		1/8	1	1	2	50	3	1	
48	48	1/8	1/8		1/8	1	1	3	57	3	1	
48	48	1/8	1/8		1/8	1	1	0	60	2	1	
48	48	1/8	1/16		1/16	1		-3	63	1	1	
48	48	3/16	1/16		1/16	1		2	62	1	1	
48	48	1/4	1/8		1/8	1		6	42	4	1	
48	48	1/4	1/8		1/8	1	-1	2	50	3	1	
48	48	1/4	1/8		1/8	1	-1	3	57	3	1	
48	48	1/4	1/8		1/8	1	-1	0	60	2	1	
48	48	1/4	1/16		1/16	1		2	62	1	1	
48	48	5/16	1/16		1/16	1		6	66	1	1	
48	48	3/8	1/16		1/16	1		3	69	1	1	
48	48	7/16	1/16		1/16	1		-3	75	1	1	
48	48	1/2	1/16		1/16	1		2	74	1	1	
48	48	9/16	1/16		1/16	1		0	72	1	1	
48	48	5/8	1/8		1/8	1		6	54	4	1	
48	48	5/8	1/8		1/8	1		0	60	3	1	
48	48	5/8	1/8		1/8	1	1	2	62	2	1	
48	48	5/8	1/16		1/16	1		-2	70	1	1	
48	48	11/16	1/16		1/16	1		3	69	1	1	
49	49	0	1/8		1/8	1		1	55	4	1	
49	49	0	1/8		1/8	1		-2	58	3	1	
49	49	0	1/8		1/8	1	-1	2	62	2	1	
49	49	0	1/16		1/16	1		0	72	1	1	
49	49	1/16	1/16		1/16	1		-2	70	1	1	
49	49	1/8	1/8		1/8	1		2	50	4	1	
49	49	1/8	1/8		1/8	1		-2	58	2	1	
49	49	1/8	1/8		1/8	1		-2	58	3	1	
49	49	3/16	1/16		1/16	1		6	66	1	1	
49	49	1/4	1/16		1/16	1		3	69	1	1	
49	49	5/16	1/16		1/16	1		1	67	1	1	
49	49	3/8	1/8		1/8	1		-3	51	4	1	
49	49	3/8	1/8		1/8	1		-2	58	3	1	
49	49	3/8	1/8		1/8	1		0	60	2	1	
49	49	7/16	1/16		1/16	1		3	57	1	1	
49	49	1/2	1/16		1/16	1		0	60	1	1	
49	49	9/16	1/16		1/16	1		-2	58	1	1	
49	49	5/8	1/16		1/16	1		5	59	1	1	
49	49	11/16	1/16		1/16	1		2	62	1	1	
50	50	0	1/16		1/16	1		2	62	1	1	
50	50	1/16	1/16		1/16	1		0	60	1	1	
50	50	1/8	1/8		1/8	1		-3	51	4	1	
50	50	1/8	1/8		1/8	1		1	55	3	1	
50	50	1/8	1/8		1/8	1		-2	58	2	1	
50	50	3/16	1/16		1/16	1		2	62	1	1	
50	50	1/4	1/16		1/16	1		-1	65	1	1	
50	50	5/16	1/16		1/16	1		-3	63	1	1	
50	50	3/8	1/16		1/16	1		6	66	1	1	
50	50	7/16	1/16		1/16	1		3	69	1	1	
50	50	1/2	1/16		1/16	1		3	69	1	1	
50	50	9/16	1/16		1/16	1		1	67	1	1	
50	50	5/8	1/8		1/8	1		4	52	4	1	
50	50	5/8	1/8		1/8	1		-2	58	2	1	
50	50	5/8	1/8		1/8	1		0	60	3	1	
50	50	5/8	1/8		1/8	1		1	67	2	1	
50	50	11/16	1/16		1/16	1		3	69	1	1	
51	51	0	1/16		1/16	1		0	72	1	1	
51	51	1/16	1/16		1/16	1		-2	70	1	1	
51	51	1/8	1/8		1/8	1		4	52	4	1	
51	51	1/8	1/8		1/8	1		1	55	3	1	
51	51	1/8	1/8		1/8	1		0	60	2	1	
51	51	1/8	1/8		1/8	1		0	60	4	1	
51	51	1/8	1/8		1/8	1		1	67	2	1	
51	51	1/8	1/8		1/8	1		1	67	3	1	
51	51	1/8	1/8		1/8	1		-2	70	2	1	
51	51	1/8	1/8		1/8	1		-2	70	3	1	
51	51	3/16	1/16		1/16	1		-2	70	1	1	
51	51	1/4	1/16		1/16	1		3	81	1	1	
51	51	5/16	1/16		1/16	1	1	1	79	1	1	
51	51	3/8	1/8		1/8	1		-3	39	4	1	
51	51	3/8	1/16		1/16	1		-2	58	3	1	
51	51	3/8	1/16		1/16	1		7	61	2	1	
51	51	3/8	3/8		1/4	3/2	-1	1	79	1	1	
51	51	7/16	1/16		1/16	1		1	55	2	1	
51	51	7/16	1/16		1/16	1		1	55	3	1	
51	51	1/2	1/8		1/8	1		2	38	4	1	
51	51	1/2	1/16		1/16	1		-2	58	3	1	
51	51	1/2	1/16		1/16	1		2	62	2	1	
51	51	9/16	1/16		1/16	1		1	55	2	1	
51	51	9/16	1/16		1/16	1		1	55	3	1	
51	51	5/8	1/8		1/8	1		0	36	4	1	
51	51	5/8	1/16		1/16	1		3	57	3	1	
51	51	5/8	1/16		1/16	1		-3	63	2	1	
51	51	11/16	1/16		1/16	1		1	55	2	1	
51	51	11/16	1/16		1/16	1		1	55	3	1	
52	52	0	1/8		1/8	1		2	38	4	1	
52	52	0	1/16		1/16	1		-2	58	3	1	
52	52	0	1/16		1/16	1		2	62	2	1	
52	52	0	1/16		1/16	1		3	81	1	1	
52	52	1/16	1/16		1/16	1		1	55	2	1	
52	52	1/16	1/16		1/16	1		1	55	3	1	
52	52	1/16	1/16		1/16	1	1	1	79	1	1	
52	52	1/8	1/8		1/8	1		-3	39	4	1	
52	52	1/8	1/16		1/16	1		-2	58	3	1	
52	52	1/8	1/16		1/16	1		7	61	2	1	
52	52	1/8	3/8		1/4	3/2	-1	1	79	1	1	
52	52	3/16	1/16		1/16	1		1	55	2	1	
52	52	3/16	1/16		1/16	1		1	55	3	1	
52	52	1/4	1/8		1/8	1		2	38	4	1	
52	52	1/4	1/16		1/16	1		-2	58	3	1	
52	52	1/4	1/16		1/16	1		2	62	2	1	
52	52	5/16	1/16		1/16	1		1	55	2	1	
52	52	5/16	1/16		1/16	1		1	55	3	1	
52	52	3/8	1/8		1/8	1		0	36	4	1	
52	52	3/8	1/16		1/16	1		3	57	3	1	
52	52	3/8	1/16		1/16	1		-3	63	2	1	
52	52	7/16	1/16		1/16	1		1	55	2	1	
52	52	7/16	1/16		1/16	1		1	55	3	1	
52	52	1/2	1/8		1/8	1		2	38	4	1	
52	52	1/2	1/16		1/16	1		-2	58	3	1	
52	52	1/2	1/16		1/16	1		2	62	2	1	
52	52	1/2	1/16		1/16	1		3	81	1	1	
52	52	9/16	1/16		1/16	1		1	55	2	1	
52	52	9/16	1/16		1/16	1		1	55	3	1	
52	52	9/16	1/16		1/16	1	1	1	79	1	1	
52	52	5/8	1/8		1/8	1		-3	39	4	1	
52	52	5/8	1/16		1/16	1		-2	58	3	1	
52	52	5/8	1/16		1/16	1		7	61	2	1	
52	52	5/8	1/8		1/8	1	-1	1	79	1	1	
52	52	11/16	1/16		1/16	1		1	55	2	1	
52	52	11/16	1/16		1/16	1		1	55	3	1	
53	53	0	1/8		1/8	1		-3	39	4	1	
53	53	0	1/16		1/16	1		-5	61	3	1	
53	53	0	1/16		1/16	1		1	67	2	1	
53	53	0	1/16		1/16	1		-2	82	1	1	
53	53	1/16	1/16		1/16	1		1	55	3	1	
53	53	1/16	1/16		1/16	1		-2	58	2	1	
53	53	1/16	1/16		1/16	1		3	81	1	1	
53	53	1/8	1/8		1/8	1		-3	39	4	1	
53	53	1/8	1/16		1/16	1		-5	61	3	1	
53	53	1/8	1/16		1/16	1		1	67	2	1	
53	53	1/8	1/16		1/16	1		6	78	1	1	
53	53	3/16	1/16		1/16	1		1	55	3	1	
53	53	3/16	1/16		1/16	1		-2	58	2	1	
53	53	3/16	1/16		1/16	1		1	79	1	1	
53	53	1/4	1/8		1/8	1		4	40	4	1	
53	53	1/4	1/16		1/16	1		-5	61	3	1	
53	53	1/4	1/16		1/16	1		1	67	2	1	
53	53	1/4	1/16		1/16	1		-2	82	1	1	
53	53	5/16	1/16		1/16	1		1	55	3	1	
53	53	5/16	1/16		1/16	1		-2	58	2	1	
53	53	5/16	1/16		1/16	1		3	81	1	1	
53	53	3/8	1/8		1/8	1		4	40	4	1	
53	53	3/8	1/16		1/16	1		-5	61	3	1	
53	53	3/8	1/16		1/16	1		1	67	2	1	
53	53	3/8	1/16		1/16	1		6	78	1	1	
53	53	7/16	1/16		1/16	1		1	55	3	1	
53	53	7/16	1/16		1/16	1		-2	58	2	1	
53	53	7/16	1/16		1/16	1		1	79	1	1	
53	53	1/2	1/8		1/8	1		4	40	4	1	
53	53	1/2	1/16		1/16	1		-5	61	3	1	
53	53	1/2	1/16		1/16	1		1	67	2	1	
53	53	1/2	1/16		1/16	1		-2	82	1	1	
53	53	9/16	1/16		1/16	1		1	55	3	1	
53	53	9/16	1/16		1/16	1		-2	58	2	1	
53	53	9/16	1/16		1/16	1		3	81	1	1	
53	53	5/8	1/8		1/8	1		4	40	4	1	
53	53	5/8	1/16		1/16	1		-5	61	3	1	
53	53	5/8	1/16		1/16	1		1	67	2	1	
53	53	5/8	1/16		1/16	1		3	81	1	1	
53	53	11/16	1/16		1/16	1		1	55	3	1	
53	53	11/16	1/16		1/16	1		-2	58	2	1	
53	53	11/16	1/16		1/16	1		1	79	1	1	
54	54	0	1/4		1/4	1		4	52	4	1	
54	54	0	1/4		1/4	1		1	55	2	1	
54	54	0	1/4		1/4	1		-5	61	3	1	
54	54	0	1/4		1/4	1		1	67	2	1	
54	54	0	1/4		1/4	1		-2	70	2	1	
54	54	0	1/12		1/8	2/3		-5	85	1	1	
54	54	1/12	1/12		1/8	2/3		0	84	1	1	
54	54	1/6	1/12		1/8	2/3		-2	82	1	1	
54	54	1/4	3/8		1/4	3/2		1	91	1	1	
54	54	5/8	1/8		1/8	1		4	76	1	1	
55	55	0	1/16		1/16	1		1	79	1	1	
55	55	1/16	1/16		1/16	1		-2	82	1	1	
55	55	1/8	1/4		1/4	1		-5	85	1	1	
55	55	3/8	1/8		1/8	1		1	79	1	1	
55	55	1/2	1/8		1/8	1		3	81	1	1	
55	55	5/8	1/8		1/8	1		-2	82	1	1	
56	56	3/8	1/8		1/8	1		1	67	1	1	
56	56	1/2	1/8		1/8	1		3	69	1	1	
56	56	5/8	1/8		1/8	1		-2	70	1	1	
57	57	0	3/8		1/4	3/2		-1	65	1	1	
57	57	1/8	1/8		1/8	1		-1	41	4	1	
57	57	1/8	1/8		1/8	1		2	50	3	1	
57	57	1/8	1/8		1/8	1		-2	58	2	1	
57	57	1/4	1/8		1/8	1		-3	39	4	1	
57	57	1/4	1/8		1/8	1		0	48	3	1	
57	57	1/4	1/8		1/8	1		3	57	2	1	
57	57	3/8	1/8		1/8	1		2	38	4	1	
57	57	3/8	1/8		1/8	1		-1	53	3	1	
57	57	3/8	1/8		1/8	1	1	-2	58	2	1	
57	57	3/8	1/8		1/8	1		-1	65	1	1	
57	57	1/2	1/8		1/8	1		0	36	4	1	
57	57	1/2	1/4		1/4	1	1	-3	51	3	1	
57	57	1/2	1/8		1/8	1	-1	-2	58	2	1	
57	57	1/2	1/8		1/8	1		1	67	1	1	
57	57	5/8	1/8		1/8	1		-1	41	4	1	
57	57	5/8	1/8		1/8	1		3	57	2	1	
57	57	5/8	1/8		1/8	1		3	69	1	1	
58	58	0	1/8		1/8	1	-1	-3	51	3	1	
58	58	0	1/8		1/8	1		0	72	1	1	
58	58	1/8	1/8		1/8	1		-1	41	4	1	
58	58	1/8	1/8		1/8	1		2	50	3	1	
58	58	1/8	1/8		1/8	1		-2	58	2	1	
58	58	1/8	1/8		1/8	1		-2	70	1	1	
58	58	1/4	1/8		1/8	1		-3	39	4	1	
58	58	1/4	1/8		1/8	1		0	48	3	1	
58	58	1/4	1/8		1/8	1		3	57	2	1	
58	58	3/8	1/8		1/8	1		2	38	4	1	
58	58	3/8	1/8		1/8	1		-1	53	3	1	
58	58	3/8	1/8		1/8	1	1	-2	58	2	1	
58	58	3/8	1/8		1/8	1		-1	65	1	1	
58	58	1/2	1/8		1/8	1		0	36	4	1	
58	58	1/2	1/4		1/4	1	1	-3	51	3	1	
58	58	1/2	1/8		1/8	1	-1	-2	58	2	1	
58	58	1/2	1/8		1/8	1		1	67	1	1	
58	58	5/8	1/8		1/8	1		-1	41	4	1	
58	58	5/8	1/8		1/8	1		3	57	2	1	
58	58	5/8	1/8		1/8	1		3	69	1	1	
59	59	0	1/8		1/8	1	-1	-3	51	3	1	
59	59	0	1/8		1/8	1		0	72	1	1	
59	59	1/8	1/8		1/8	1		-1	41	4	1	
59	59	1/8	1/8		1/8	1		2	50	3	1	
59	59	1/8	1/8		1/8	1		-2	58	2	1	
59	59	1/8	1/8		1/8	1		-2	70	1	1	
59	59	1/4	1/8		1/8	1		-3	39	4	1	
59	59	1/4	1/8		1/8	1		3	57	3	1	
59	59	1/4	1/8		1/8	1		0	60	2	1	
59	59	3/8	1/8		1/8	1		2	38	4	1	
59	59	3/8	1/8		1/8	1	1	-2	58	3	1	
59	59	3/8	1/8		1/8	1		2	62	2	1	
59	59	3/8	1/8		1/8	1		-1	65	1	1	
59	59	1/2	1/8		1/8	1		0	36	4	1	
59	59	1/2	1/8		1/8	1	-1	-2	58	3	1	
59	59	1/2	1/4		1/4	1	1	-3	63	2	1	
59	59	1/2	1/8		1/8	1		1	67	1	1	
59	59	5/8	1/8		1/8	1		-1	41	4	1	
59	59	5/8	1/8		1/8	1	1	-1	53	3	1	
59	59	5/8	1/8		1/8	1		3	69	1	1	
60	60	0	1/4		1/4	1		-2	46	4	1	
60	60	0	1/4		1/4	1	-1	-1	53	3	1	
60	60	0	1/8		1/8	1	-1	-3	63	2	1	
60	60	0	1/8		1/8	1		0	72	1	1	
60	60	1/8	1/8		1/8	1		2	62	2	1	
60	60	1/8	1/8		1/8	1		-2	70	1	1	
60	60	1/4	1/4		1/4	1		-2	46	4	1	
60	60	1/4	1/4		1/4	1		-2	58	3	1	
60	60	3/8	1/8		1/8	1		2	62	2	1	
60	60	3/8	1/8		1/8	1		-2	70	1	1	
60	60	1/2	1/4		1/4	1		-2	46	4	1	
60	60	1/2	1/4		1/4	1	1	-4	56	3	1	
60	60	1/2	1/8		1/8	1		-3	63	2	1	
60	60	1/2	1/8		1/8	1		0	72	1	1	
60	60	5/8	1/8		1/8	1		-1	65	2	1	
60	60	5/8	1/8		1/8	1		2	74	1	1	
61	61	0	3/4		1/2	3/2	1	-2	46	4	1	
61	61	0	1/8		1/8	1	-1	-4	56	3	1	
61	61	0	1/8		1/8	1		2	62	2	1	
61	61	0	1/8		1/8	1		-1	77	1	1	
61	61	1/8	1/8		1/8	1		1	55	3	1	
61	61	1/8	1/8		1/8	1		-3	63	2	1	
61	61	1/8	1/8		1/8	1		-3	75	1	1	
61	61	1/4	1/8		1/8	1		-1	53	3	1	
61	61	1/4	3/8		1/4	3/2		-4	68	2	1	
61	61	1/4	1/8		1/8	1		2	74	1	1	
61	61	3/8	1/8		1/8	1		-3	51	3	1	
61	61	3/8	1/8		1/8	1		0	72	1	1	
61	61	1/2	1/8		1/8	1		2	50	3	1	
61	61	1/2	1/8		1/8	1		0	72	1	1	
61	61	5/8	1/8		1/8	1		-3	51	3	1	
61	61	5/8	1/8		1/8	1		1	67	2	1	
61	61	5/8	1/8		1/8	1		-2	70	1	1	
62	62	0	1/4		1/4	1	-1	-2	46	4	1	
62	62	0	1/8		1/8	1		-1	53	3	1	
62	62	0	1/8		1/8	1		-1	65	2	1	
62	62	0	1/8		1/8	1		-4	68	1	1	
62	62	1/8	1/8		1/8	1		1	55	3	1	
62	62	1/8	1/8		1/8	1		-3	63	2	1	
62	62	1/8	1/8		1/8	1		1	67	1	1	
62	62	1/4	1/4		1/4	1		-3	39	4	1	
62	62	1/4	1/4		1/4	1		1	55	3	1	
62	62	1/4	1/2		1/2	1		-3	63	2	1	
62	62	1/4	3/8		1/4	3/2		-2	70	1	1	
62	62	1/2	1/4		1/4	1		1	43	4	1	
62	62	1/2	1/4		1/4	1	1	-2	58	3	1	
62	62	5/8	1/8		1/8	1		1	67	1	1	
63	63	0	3/4		1/2	3/2	1	-2	46	4	1	
63	63	0	1/8		1/8	1	-1	-2	58	3	1	
63	63	0	1/8		1/8	1		2	62	2	1	
63	63	0	1/8		1/8	1		-1	65	1	1	
63	63	1/4	1/2		1/2	1		-3	51	3	1	
63	63	1/4	1/4		1/4	1		1	55	2	1	
63	63	1/4	3/8		1/4	3/2		-2	70	1	1	
63	63	1/2	1/4		1/4	1	1	-2	58	2	1	
63	63	5/8	1/8		1/8	1		1	67	1	1	
64	64	0	1/4		1/4	1	-1	-2	46	4	1	
64	64	0	1/4		1/4	1		2	50	3	1	
64	64	0	1/4		1/4	1	-1	-2	58	2	1	
64	64	0	3/4		1/2	3/2	1	-1	65	1	1	
64	64	1/4	1/4		1/4	1		-2	46	4	1	
64	64	1/4	1/4		1/4	1		2	50	4	1	
64	64	1/4	1/4		1/4	1		-1	53	3	1	
64	64	1/4	1/4		1/4	1		-2	58	2	1	
64	64	1/4	1/4		1/4	1		2	62	2	1	
64	64	1/2	1/4		1/4	1		-2	46	4	1	
64	64	1/2	1/4		1/4	1		2	50	4	1	
64	64	1/2	1/4		1/4	1		-1	53	3	1	
64	64	1/2	1/4		1/4	1		-2	58	2	1	
64	64	1/2	1/4		1/4	1		2	62	2	1	
65	65	0	3/4		1/2	3/2		-2	46	4	1	
65	65	0	3/4		1/2	3/2		2	50	4	1	
65	65	0	3/4		1/2	3/2		-1	53	3	1	
65	65	0	3/4		1/2	3/2		-2	58	2	1	
65	65	0	3/4		1/2	3/2		2	62	2	1	
65	65	0	3/4		1/2	3/2	-1	-1	65	1	1	
